,baseMean,log2FoldChange,lfcSE,stat,pvalue,padj
ENSAMXG00000000074,68.47991349,-1.262273653,0.439448713,-2.872402664,0.004073635,0.026962817
ENSAMXG00000000326,36.98948513,-1.524876797,0.477105232,-3.196101602,0.001392981,0.011602635
ENSAMXG00000000399,13.21658031,-2.996450141,0.897686365,-3.337969982,0.000843929,0.007830743
ENSAMXG00000000509,7.695609385,-3.692680189,1.294685638,-2.852182863,0.004342011,0.028234286
ENSAMXG00000000516,19.97972416,-1.266357619,0.426299875,-2.970579382,0.002972386,0.020931538
ENSAMXG00000000548,28.95574123,-1.352087531,0.365980937,-3.694420644,0.000220389,0.00262261
ENSAMXG00000000553,32.92819236,-1.081890724,0.335893806,-3.22093086,0.00127775,0.010864112
ENSAMXG00000000686,151.3461889,-1.398881822,0.341216922,-4.09968478,4.13713242404913e-05,0.000638952
ENSAMXG00000000873,181.8739994,-1.847066898,0.210896181,-8.758180869,1.98426594611982e-18,2.84360573663171e-16
ENSAMXG00000000943,19.34661401,-1.421779527,0.441403276,-3.221044346,0.001277244,0.010864112
ENSAMXG00000000968,152.3543541,-1.215644142,0.162708452,-7.471303003,7.94045754317656e-14,7.1579382594861e-12
ENSAMXG00000001109,3.970744884,-4.46078912,1.528405114,-2.91859081,0.003516174,0.02396573
ENSAMXG00000001295,41.35194021,-1.051205848,0.292291463,-3.596430204,0.000322614,0.003582298
ENSAMXG00000001361,24.41339824,-1.297204455,0.423492782,-3.063108775,0.002190504,0.01666433
ENSAMXG00000001415,5.568954441,-2.205906915,0.825966516,-2.67069775,0.007569377,0.04314694
ENSAMXG00000001634,29.06854256,-1.99261036,0.507671242,-3.925001452,8.67292149780953e-05,0.001199826
ENSAMXG00000001671,38.01067411,-8.524526,1.065713275,-7.998892571,1.25543188884756e-15,1.4319609850549e-13
ENSAMXG00000001966,73.16790395,-9.472812666,1.044254663,-9.071362571,1.17537832621159e-19,1.93211454858723e-17
ENSAMXG00000002119,34.86669934,-1.465331401,0.313260385,-4.677678606,2.90140825938096e-06,6.24491813671894e-05
ENSAMXG00000002249,4.546569985,-3.229537632,1.114487164,-2.897779118,0.003758152,0.025235454
ENSAMXG00000002544,26.90904449,-1.332507385,0.4060197,-3.281878647,0.00103118,0.00913354
ENSAMXG00000002657,2.186528878,-4.363139359,1.610681481,-2.708877832,0.006751119,0.03949626
ENSAMXG00000003086,45.80018646,-2.14508699,0.590268666,-3.634085822,0.000278968,0.003171157
ENSAMXG00000003097,28.5639231,-1.448004278,0.523819481,-2.764319255,0.00570417,0.034690539
ENSAMXG00000003140,8.782196101,-3.49491805,0.848583802,-4.118530242,3.81296536251087e-05,0.000594716
ENSAMXG00000003253,54.63471115,-1.676976406,0.293163196,-5.720282862,1.06346857434161e-08,4.11805486974268e-07
ENSAMXG00000003456,10.19455512,-1.587266398,0.550300535,-2.88436281,0.003922066,0.026210156
ENSAMXG00000003513,24.8321799,-4.221541596,0.591502128,-7.136984626,9.54005108328764e-13,7.47467460343383e-11
ENSAMXG00000003543,176.6000591,-1.551716843,0.21520195,-7.210514804,5.57407362775136e-13,4.60396514859641e-11
ENSAMXG00000003656,95.28882816,-3.526519844,0.394636994,-8.936110644,4.03108347127939e-19,6.03474790740549e-17
ENSAMXG00000003658,43.62491311,-2.771248776,0.481364838,-5.757065237,8.55888409547228e-09,3.3687044513799e-07
ENSAMXG00000003768,6.697888902,-3.412622943,1.115059062,-3.060486266,0.002209779,0.016772913
ENSAMXG00000003932,213.4747129,-1.747218996,0.220388971,-7.92788762,2.22904882432227e-15,2.42691309333841e-13
ENSAMXG00000003940,4.335078983,-4.585370384,1.622485362,-2.826139756,0.00471127,0.03002932
ENSAMXG00000004033,36.40167073,-1.244406314,0.400766586,-3.105065037,0.001902372,0.014961102
ENSAMXG00000004068,6.068487803,-2.157039368,0.799926772,-2.696546039,0.007006271,0.040676644
ENSAMXG00000004173,756.4507647,-1.252653007,0.1559923,-8.030223318,9.72954004295995e-16,1.14080557972244e-13
ENSAMXG00000004985,9.514640917,-3.096853219,1.155185456,-2.680827742,0.007344031,0.042114635
ENSAMXG00000005012,25.50431649,-1.623294962,0.545180226,-2.977538224,0.002905734,0.020583204
ENSAMXG00000005283,539.2530162,-5.37409944,0.451414018,-11.90503447,1.11417258378351e-32,5.04900857089138e-30
ENSAMXG00000005345,13.46556452,-2.173337656,0.530167956,-4.099338017,4.14333536689121e-05,0.000638952
ENSAMXG00000005463,54.7190064,-1.29355746,0.353675266,-3.657472224,0.000254715,0.00294945
ENSAMXG00000005593,140.0165759,-1.779252772,0.302971491,-5.872673921,4.28821434884522e-09,1.77971509869029e-07
ENSAMXG00000005738,224.4480655,-2.506018323,0.256811202,-9.758212656,1.70126999777265e-22,3.85475595306135e-20
ENSAMXG00000005852,4.576787001,-5.457166195,1.241688862,-4.394954617,1.10795898811304e-05,0.000202807
ENSAMXG00000005858,8.343287771,-2.296739488,0.715200589,-3.211322141,0.001321257,0.011142427
ENSAMXG00000005954,99.01517218,-1.294020021,0.181922943,-7.113011707,1.13537644376649e-12,8.77274508416257e-11
ENSAMXG00000005988,61.23869532,-1.408222105,0.338093835,-4.165181258,3.1110529511944e-05,0.00050205
ENSAMXG00000006112,12.74515714,-1.661374101,0.511148998,-3.250273612,0.00115294,0.009990361
ENSAMXG00000006321,39.46304388,-3.36571029,0.658120012,-5.114128466,3.1519280195394e-07,9.18156875785854e-06
ENSAMXG00000006397,7.080153003,-4.592429785,1.270651851,-3.614231373,0.00030124,0.003374008
ENSAMXG00000006399,14.92106965,-2.094815314,0.617887973,-3.39028336,0.000698204,0.006693418
ENSAMXG00000006427,10.20620264,-2.790631973,0.986122429,-2.829904169,0.004656195,0.029744268
ENSAMXG00000006938,111.0291744,-1.027093211,0.171338296,-5.994533829,2.04069983677928e-09,9.1731030034074e-08
ENSAMXG00000006950,26.65134211,-3.459869008,0.712845079,-4.853605795,1.21236616721163e-06,2.95891463255275e-05
ENSAMXG00000006991,24.8785406,-3.403876035,0.623812669,-5.456567663,4.85426350147867e-08,1.68164124234076e-06
ENSAMXG00000007081,12.63033397,-2.122777701,0.602837527,-3.521309815,0.000429421,0.004521133
ENSAMXG00000007185,140.3861538,-1.290341155,0.173877103,-7.420995256,1.16243480699096e-13,1.04227510207579e-11
ENSAMXG00000007194,117.3625913,-1.118429482,0.172602293,-6.479806631,9.18402430794313e-11,5.20231539092171e-09
ENSAMXG00000007403,2.888796726,-4.763852032,1.44633119,-3.293749084,0.000988607,0.008843024
ENSAMXG00000007416,37.89284171,-1.523739169,0.337203722,-4.51874956,6.22059218817734e-06,0.000122068
ENSAMXG00000007608,19.44126338,-6.094682295,1.226629534,-4.968641408,6.74236228114429e-07,1.79158777128283e-05
ENSAMXG00000007630,23.86868654,-5.02006452,0.75092828,-6.685145111,2.30695931899207e-11,1.4117075511511e-09
ENSAMXG00000007651,225.2610737,-1.686442222,0.255297041,-6.605804023,3.95365628911017e-11,2.34243657242086e-09
ENSAMXG00000007653,12.01131792,-1.619866713,0.50007888,-3.239222409,0.001198561,0.010300496
ENSAMXG00000007768,25.25109433,-1.455151814,0.422526029,-3.443934132,0.000573315,0.005677955
ENSAMXG00000007803,30.68373006,-1.026014583,0.340859913,-3.010076991,0.002611815,0.019023587
ENSAMXG00000008046,93.05149759,-1.820842791,0.311938334,-5.837188283,5.30890915534611e-09,2.16580242841091e-07
ENSAMXG00000008127,29.88367784,-1.169333418,0.37889155,-3.08619556,0.002027354,0.015730056
ENSAMXG00000008153,23.08177111,-1.96413681,0.467333663,-4.202857539,2.63566476780616e-05,0.000434535
ENSAMXG00000008176,7.77419511,-1.969856093,0.677478201,-2.907630223,0.003641787,0.024631642
ENSAMXG00000008354,100.6171904,-1.422097931,0.215050557,-6.612853961,3.76980319060501e-11,2.25743893203122e-09
ENSAMXG00000008417,20.91889799,-2.964908861,0.56688536,-5.230173631,1.69350905426334e-07,5.27789336669767e-06
ENSAMXG00000008490,449.0540296,-1.871489182,0.449677984,-4.161843025,3.15689339012453e-05,0.000506039
ENSAMXG00000008574,26.60529292,-1.51989376,0.452780051,-3.35680372,0.000788491,0.007373465
ENSAMXG00000008578,77.46851797,-1.99572101,0.261314694,-7.637232243,2.21940954241954e-14,2.16353719754352e-12
ENSAMXG00000008621,12.5125051,-2.707665435,0.863036756,-3.137369777,0.00170471,0.013701507
ENSAMXG00000008862,108.8955354,-1.282148746,0.307859796,-4.16471642,3.11739796112783e-05,0.000502396
ENSAMXG00000009003,23.1954232,-1.650134078,0.473096568,-3.487943453,0.000486751,0.005012439
ENSAMXG00000009073,113.7744325,-1.665594512,0.179512456,-9.27843421,1.71987327037997e-20,3.06777820472989e-18
ENSAMXG00000009160,350.944429,-1.085306814,0.09920286,-10.94027747,7.39731646611638e-28,2.17597903837497e-25
ENSAMXG00000009214,9.053261531,-3.28145853,0.803507537,-4.083917545,4.42827493266544e-05,0.000674377
ENSAMXG00000009305,28.57813506,-1.405767414,0.384210678,-3.658845255,0.000253354,0.002938864
ENSAMXG00000009426,26.3457654,-1.019642821,0.355898176,-2.864984674,0.004170294,0.027440255
ENSAMXG00000009467,68.16433241,-3.278877761,0.857671548,-3.822999338,0.000131838,0.001693893
ENSAMXG00000009548,529.6224005,-1.240472956,0.137879657,-8.996780086,2.32434520915657e-19,3.57544001118607e-17
ENSAMXG00000009570,10.67317163,-1.71756456,0.592535913,-2.898667444,0.003747521,0.025184245
ENSAMXG00000009662,11.37220151,-3.914314631,0.852840672,-4.589737287,4.43804228129143e-06,9.08822227322976e-05
ENSAMXG00000009770,72.87336546,-1.123863407,0.251491363,-4.468795247,7.86613817567457e-06,0.000150561
ENSAMXG00000009802,27.32416564,-1.773771609,0.548071986,-3.236384371,0.001210543,0.010376875
ENSAMXG00000009829,90.70680171,-2.241550816,0.267966912,-8.365028347,6.01004747822737e-17,7.87269266151862e-15
ENSAMXG00000009944,46.68437972,-2.609114367,0.34266911,-7.614092694,2.65550180133992e-14,2.5632899025297e-12
ENSAMXG00000009947,12.77795837,-2.478728048,0.564770631,-4.388911025,1.13919661615781e-05,0.000207845
ENSAMXG00000010056,13.0179476,-2.029652545,0.754442061,-2.690269604,0.007139431,0.041292462
ENSAMXG00000010160,56.54426278,-1.850115557,0.362443748,-5.104559173,3.31566514987323e-07,9.56570580921344e-06
ENSAMXG00000010192,3.802487017,-4.38766554,1.49208409,-2.940628862,0.003275467,0.022619341
ENSAMXG00000010246,101.8623423,-2.211348005,0.22302296,-9.915337892,3.57046281006145e-23,8.55227856232862e-21
ENSAMXG00000010295,51.61674877,-2.234924488,0.334094684,-6.689494307,2.23943096458326e-11,1.37540435835779e-09
ENSAMXG00000010643,10.7858781,-1.836156038,0.631542197,-2.907416238,0.003644279,0.024635257
ENSAMXG00000010672,26.05487293,-1.361062355,0.445128828,-3.057681885,0.002230562,0.016877183
ENSAMXG00000010826,2.936901768,-4.011280003,1.408740336,-2.847423262,0.004407472,0.028510834
ENSAMXG00000010889,10134.83337,-2.329886664,0.088393818,-26.35802723,4.15254394327032e-153,3.48128521484067e-149
ENSAMXG00000011254,52.59245712,-2.673834891,0.303861434,-8.799520399,1.37402095908441e-18,2.00332255834506e-16
ENSAMXG00000011331,22.55692144,-2.602037306,0.673639582,-3.862655011,0.000112161,0.001487824
ENSAMXG00000011426,30.49474454,-2.883799828,0.549397822,-5.249019404,1.52910970203704e-07,4.81928240113815e-06
ENSAMXG00000011442,22.27416552,-7.01758963,1.827807155,-3.839349032,0.000123361,0.001609644
ENSAMXG00000011545,356.2489352,-3.190248889,0.200880768,-15.88130572,8.53823523318019e-57,1.10123530888256e-53
ENSAMXG00000011736,96.43950853,-1.269966803,0.269089916,-4.71948865,2.36438236934438e-06,5.24386232629592e-05
ENSAMXG00000011931,61.66838324,-1.362108826,0.299782095,-4.543663051,5.52850050843404e-06,0.000110353
ENSAMXG00000011935,61.86498302,-4.06930258,1.085928807,-3.747301438,0.000178747,0.002198866
ENSAMXG00000012110,30.14096849,-1.277587431,0.33574695,-3.805209339,0.000141684,0.001802444
ENSAMXG00000012113,36.69771303,-4.970028328,0.630685416,-7.880360323,3.26438346784267e-15,3.48623679014764e-13
ENSAMXG00000012372,60.85140146,-1.239688325,0.472008229,-2.626412523,0.008629017,0.047798455
ENSAMXG00000012698,16.37829581,-1.898905347,0.573824811,-3.309207462,0.000935605,0.0084842
ENSAMXG00000012711,116.5255728,-1.001397489,0.213893933,-4.681747989,2.84439027806029e-06,6.14586234436043e-05
ENSAMXG00000012824,5130.46451,-2.456987569,0.366277274,-6.707998948,1.97311354698576e-11,1.22078209750222e-09
ENSAMXG00000012884,99.50858381,-1.426911277,0.20716083,-6.887939579,5.6606242182754e-12,3.78134208238341e-10
ENSAMXG00000012908,26.5394409,-1.838017166,0.667335743,-2.754261531,0.005882474,0.035619878
ENSAMXG00000012965,35.76502354,-1.102356972,0.360387857,-3.058807196,0.002222201,0.016829109
ENSAMXG00000013054,28.51548734,-1.379494682,0.391426578,-3.524274434,0.000424644,0.004492119
ENSAMXG00000013062,36.1661836,-3.990050438,0.540638665,-7.380253566,1.57988349138131e-13,1.39420560526265e-11
ENSAMXG00000013169,55.09968076,-1.452394194,0.293928485,-4.941318265,7.75961236892218e-07,2.03607856947916e-05
ENSAMXG00000013377,38.39528758,-2.218005309,0.351822308,-6.30433392,2.8943589028895e-10,1.50246797909438e-08
ENSAMXG00000013423,379.192883,-1.043787071,0.132937217,-7.851729537,4.10338659515014e-15,4.35452424309383e-13
ENSAMXG00000013582,30.97831839,-3.862437531,0.529748297,-7.291080595,3.07478750413719e-13,2.64384420932658e-11
ENSAMXG00000013587,78.72732789,-1.026424048,0.287863503,-3.565662331,0.000362938,0.003936215
ENSAMXG00000013843,106.9683342,-4.092659179,0.969627666,-4.220856439,2.43375900267061e-05,0.000406443
ENSAMXG00000014684,56.78086163,-1.81256531,0.356227218,-5.088228014,3.61424662628877e-07,1.03061348950653e-05
ENSAMXG00000014765,4.18979536,-5.310190625,1.676202821,-3.16798812,0.001534978,0.012585318
ENSAMXG00000014929,35.8331662,-1.041105249,0.299148713,-3.480226403,0.00050099,0.005115775
ENSAMXG00000014946,26.43691229,-2.786736529,0.458138484,-6.082738358,1.18147064115572e-09,5.58020232119943e-08
ENSAMXG00000015012,31.09561879,-1.893148575,0.388246218,-4.876154588,1.08173847096596e-06,2.70305647431987e-05
ENSAMXG00000015265,3.960363117,-2.627764054,1.001548235,-2.623701946,0.008697986,0.04809998
ENSAMXG00000015269,20.43464278,-1.116797749,0.40881876,-2.73176737,0.00629956,0.03753544
ENSAMXG00000015370,5.958378039,-3.305066889,0.94787491,-3.486817569,0.000488805,0.005021929
ENSAMXG00000015433,14.03594264,-3.314381767,0.649544231,-5.102626745,3.34971258653407e-07,9.63372743369069e-06
ENSAMXG00000015578,244.7056293,-1.412558496,0.19471033,-7.254666453,4.02652833449506e-13,3.39260304444616e-11
ENSAMXG00000015658,68.81926686,-1.686046737,0.308901483,-5.458202142,4.80979895929252e-08,1.66968735301155e-06
ENSAMXG00000015662,5.872809376,-3.212650225,0.968304672,-3.317809277,0.000907264,0.008312622
ENSAMXG00000015698,2.409822111,-4.542830635,1.710130956,-2.656422667,0.007897456,0.044392187
ENSAMXG00000015751,295.9189934,-1.381742532,0.170738958,-8.092719698,5.83470308804221e-16,7.08916425197129e-14
ENSAMXG00000015817,18.32358909,-1.663020344,0.511272289,-3.252709719,0.001143102,0.009920493
ENSAMXG00000016334,93.33251791,-1.457810441,0.248923212,-5.856466448,4.72819056046491e-09,1.94307772370871e-07
ENSAMXG00000016497,19.49932337,-1.182673648,0.440210015,-2.686612319,0.007218068,0.041589464
ENSAMXG00000016707,228.2340953,-1.609487657,0.16940287,-9.500946827,2.07990447301376e-21,4.20165762638816e-19
ENSAMXG00000017176,5.787703433,-2.849499587,0.868758972,-3.279965651,0.001038197,0.009181146
ENSAMXG00000017293,113.0299006,-1.003290806,0.26688214,-3.759302911,0.000170387,0.00211152
ENSAMXG00000017360,5.00643614,-4.087017342,1.298381085,-3.147779484,0.001645158,0.013280865
ENSAMXG00000017390,126.4413221,-1.460815904,0.18722322,-7.802535945,6.0675338995944e-15,6.35839630590621e-13
ENSAMXG00000017562,5602.864697,-2.367744294,0.247415361,-9.569916312,1.06992244205948e-21,2.18773043731845e-19
ENSAMXG00000017867,53.13578521,-1.258772281,0.266153301,-4.729500921,2.25072434066194e-06,5.01833710370728e-05
ENSAMXG00000017872,18.60464704,-3.214796795,0.780212589,-4.120411333,3.78196594393482e-05,0.000590981
ENSAMXG00000017935,30.20190513,-1.186571176,0.336175213,-3.529621256,0.000416155,0.004416247
ENSAMXG00000017992,50.77877466,-1.214594531,0.316976153,-3.831816747,0.0001272,0.0016482
ENSAMXG00000018049,61.20135381,-1.50188252,0.31785463,-4.72506102,2.30046268872457e-06,5.10885535123773e-05
ENSAMXG00000018091,142.9468218,-1.389502319,0.35636318,-3.899118642,9.65434638735184e-05,0.001311786
ENSAMXG00000018158,58.35140799,-4.553265287,0.445740543,-10.21505752,1.6977842300303e-24,4.37949972075663e-22
ENSAMXG00000018262,22.76695608,-3.712707395,0.771173719,-4.81435934,1.4767287495797e-06,3.48908423224414e-05
ENSAMXG00000018332,20.83110918,-2.175192715,0.541637544,-4.015956317,5.9205222353926e-05,0.000862462
ENSAMXG00000018349,3.50673369,-3.485388182,1.290426093,-2.700959164,0.006913983,0.040252343
ENSAMXG00000018410,288.4878144,-1.18528146,0.118416694,-10.00941186,1.38573883184792e-23,3.46786313337224e-21
ENSAMXG00000018520,6.830510515,-6.022981172,1.190309973,-5.060010678,4.19232999140893e-07,1.17743378502435e-05
ENSAMXG00000018553,8.662758362,-2.17246971,0.77754352,-2.794016869,0.005205776,0.032390522
ENSAMXG00000018578,228.0811698,-2.164267124,0.17395608,-12.44145719,1.55638361232709e-35,8.69862800929612e-33
ENSAMXG00000018699,56.10960949,-1.052402643,0.268727013,-3.91625178,8.99363223755781e-05,0.001235022
ENSAMXG00000018751,689.6031163,-1.042335413,0.089191674,-11.68646543,1.49478956478769e-31,6.26578415819879e-29
ENSAMXG00000018926,31.70781018,-1.802510013,0.54403966,-3.313195977,0.000922363,0.008425078
ENSAMXG00000018945,7.344881169,-6.118570346,1.21447947,-5.038018752,4.70375370339922e-07,1.29291538270319e-05
ENSAMXG00000019095,21.63116615,-1.244756989,0.421929295,-2.950155402,0.003176141,0.022096644
ENSAMXG00000019415,191.2104994,-1.787935323,0.186367264,-9.593612549,8.50536881902053e-22,1.76061134553725e-19
ENSAMXG00000019558,21.96456813,-1.481321301,0.420013369,-3.526843214,0.000420546,0.004459396
ENSAMXG00000019652,18.30101882,-1.262882436,0.427755415,-2.952347049,0.003153683,0.021968341
ENSAMXG00000019838,17.38351011,-3.645615767,0.691155845,-5.274665321,1.32998577924819e-07,4.25102556498838e-06
ENSAMXG00000019942,6.70964541,-5.248244225,1.579384515,-3.322968013,0.000890651,0.008195725
ENSAMXG00000020094,154.3513764,-3.366235581,0.282975321,-11.89586277,1.2436113737187e-32,5.48727155345827e-30
ENSAMXG00000020106,22.325506,-1.122691079,0.429527479,-2.613781735,0.008954622,0.049110068
ENSAMXG00000020448,20.48467398,-1.954851251,0.577278937,-3.386320071,0.000708367,0.00676763
ENSAMXG00000020658,162.6778203,-1.001788363,0.159256993,-6.290388553,3.16672330064069e-10,1.63373691021054e-08
ENSAMXG00000020678,16.9286261,-7.352525772,2.392433525,-3.073241407,0.002117471,0.016219113
ENSAMXG00000020860,23.15401322,-1.046710037,0.38510013,-2.718020472,0.006567377,0.038695918
ENSAMXG00000020994,19.06226839,-1.961308055,0.567056966,-3.458749605,0.000542689,0.005442147
ENSAMXG00000021015,16.25198305,-3.039958928,0.848924597,-3.580952819,0.000342343,0.003763982
ENSAMXG00000021399,56.46733063,-1.396749061,0.489247254,-2.854894023,0.004305119,0.028098067
ENSAMXG00000021416,74.8876703,-1.060772631,0.275392547,-3.851856707,0.000117226,0.001540378
ENSAMXG00000021632,66.35265607,-1.157511637,0.248675645,-4.654704475,3.24445718963298e-06,6.90352965717972e-05
ENSAMXG00000021643,243.1647069,-2.07390818,0.297625933,-6.968170271,3.21089480248265e-12,2.29093928311603e-10
ENSAMXG00000021659,2.322531259,-4.470212238,1.433791217,-3.117756745,0.001822331,0.014433175
ENSAMXG00000021663,56.24732749,-1.622427671,0.552402438,-2.937039301,0.003313621,0.02285458
ENSAMXG00000024302,56.97574956,-2.025467217,0.314547236,-6.439310163,1.20017720822409e-10,6.6633679636733e-09
ENSAMXG00000024355,160.0442113,-1.219269261,0.249969895,-4.877664417,1.07349357189936e-06,2.68645771940843e-05
ENSAMXG00000024703,13.33145595,-1.807197643,0.63292352,-2.855317566,0.004299382,0.028082482
ENSAMXG00000024981,7.315433044,-2.274742887,0.81735284,-2.783061093,0.005384867,0.03323079
ENSAMXG00000025136,16.31658776,-1.419923384,0.435133759,-3.263188283,0.001101663,0.009610606
ENSAMXG00000025307,12.9105584,-2.041636402,0.544215743,-3.751520288,0.000175766,0.002170148
ENSAMXG00000025385,238.78572,-1.166580787,0.176767753,-6.599511323,4.12515246392218e-11,2.42689232851169e-09
ENSAMXG00000025400,30.03170829,-1.350314111,0.373841375,-3.611997498,0.000303847,0.003400942
ENSAMXG00000025421,10.93977259,-1.995219194,0.602214242,-3.313138508,0.000922553,0.008425078
ENSAMXG00000025791,75.53633904,-1.140493583,0.229656344,-4.966087866,6.83170113636576e-07,1.80959135787432e-05
ENSAMXG00000025924,11.59985905,-2.387404415,0.591722023,-4.034672233,5.46785702442343e-05,0.000806447
ENSAMXG00000026257,30.75302615,-1.063158384,0.357759977,-2.971708556,0.002961477,0.02088981
ENSAMXG00000026287,3.538234213,-3.499678633,1.273501866,-2.748074994,0.00599463,0.036095024
ENSAMXG00000026470,5.872692034,-4.338750004,1.17536276,-3.691413538,0.000223011,0.002638835
ENSAMXG00000027378,4.977799536,-4.094505526,1.242120776,-3.296382771,0.000979385,0.008787526
ENSAMXG00000029121,6.094180073,-5.848790092,1.272065606,-4.597868275,4.268357069154e-06,8.80289581531429e-05
ENSAMXG00000029158,26.91788277,-1.304185455,0.340049814,-3.835277656,0.000125423,0.001630201
ENSAMXG00000029176,48.90685661,-1.056570658,0.261323884,-4.043146153,5.27387231993906e-05,0.000781157
ENSAMXG00000029230,93.17715542,-4.576211928,0.86760773,-5.274517238,1.33106007134186e-07,4.25102556498838e-06
ENSAMXG00000029265,218.6898892,-5.567481034,0.602261533,-9.244291268,2.36804813868614e-20,4.135944077224e-18
ENSAMXG00000029445,101.2783308,-1.327129731,0.268639243,-4.940193088,7.80452468306879e-07,2.04457836642302e-05
ENSAMXG00000029451,11.9991975,-6.855482209,2.334465609,-2.936638767,0.003317903,0.022865305
ENSAMXG00000029477,27.70824944,-1.435856122,0.528294915,-2.717906381,0.006569642,0.038695918
ENSAMXG00000029535,2.964334114,-4.064422092,1.325857842,-3.065503678,0.002173037,0.01655501
ENSAMXG00000029585,64.5082065,-3.379699987,0.735023864,-4.598081986,4.26398208257081e-06,8.80289581531429e-05
ENSAMXG00000029603,10.10881724,-2.319332526,0.712184219,-3.256646897,0.001127366,0.009804223
ENSAMXG00000029657,33.0056273,-1.427986595,0.337393238,-4.232410233,2.31200202568915e-05,0.00038882
ENSAMXG00000029667,89.66256845,-1.916690522,0.208078825,-9.211367482,3.21996259984987e-20,5.50909315425334e-18
ENSAMXG00000029778,5.999864755,-3.327261466,1.116764813,-2.979375269,0.002888368,0.020486153
ENSAMXG00000029812,8.864703853,-6.419808271,2.233410367,-2.87444187,0.004047423,0.02683398
ENSAMXG00000029894,1164.299852,-1.698206665,0.142129506,-11.94830486,6.62630124827832e-33,3.08619980638563e-30
ENSAMXG00000029914,137.5621609,-1.033252612,0.371362566,-2.782328399,0.00539704,0.033272677
ENSAMXG00000029919,111.0364905,-3.364556546,0.358623328,-9.381867492,6.48144030245269e-21,1.20749232834694e-18
ENSAMXG00000029953,19.58084031,-1.947603057,0.468206891,-4.159706095,3.18657372639661e-05,0.000510308
ENSAMXG00000030048,4.536970006,-3.244130548,1.154730831,-2.809425764,0.004962996,0.03129793
ENSAMXG00000030085,14.6877068,-1.59213364,0.602645032,-2.641909508,0.008244008,0.04607576
ENSAMXG00000030103,4.362709264,-5.386379444,1.594195015,-3.378745632,0.000728173,0.006921363
ENSAMXG00000030211,23.48157753,-6.387355643,1.061397742,-6.017871897,1.76724956744863e-09,8.09603101022162e-08
ENSAMXG00000030235,17.41231577,-1.719177182,0.60108671,-2.860115112,0.004234873,0.027736761
ENSAMXG00000030250,315.3923671,-1.111162235,0.143514715,-7.742496892,9.74831572327678e-15,9.9060611958898e-13
ENSAMXG00000030265,30.07235624,-3.236987995,0.464867842,-6.963243536,3.32526241142571e-12,2.35251792626055e-10
ENSAMXG00000030269,29.42170288,-8.136138429,1.075530614,-7.564766937,3.88560634747379e-14,3.61944231267184e-12
ENSAMXG00000030319,12.10968787,-1.365131972,0.511273886,-2.670060037,0.007583769,0.043206608
ENSAMXG00000030357,12.98572052,-3.809993132,1.051994218,-3.621686381,0.000292689,0.00329806
ENSAMXG00000030367,7.134940632,-5.360790897,1.154069549,-4.645119439,3.39879760022654e-06,7.1772845545338e-05
ENSAMXG00000030472,27.66960479,-4.372041736,0.713932684,-6.123885115,9.13207528422614e-10,4.39992834168447e-08
ENSAMXG00000030489,258.9983855,-1.897882079,0.122399493,-15.50563673,3.1775100344285e-54,3.50696133455905e-51
ENSAMXG00000030494,32.74346984,-2.602444979,0.461117195,-5.643782119,1.66354576056119e-08,6.15732268594469e-07
ENSAMXG00000030498,487.0494995,-3.621290112,0.132117582,-27.40960034,2.10735502891399e-165,3.53340217698009e-161
ENSAMXG00000030599,5.618675411,-4.223329493,1.388691319,-3.041229852,0.002356139,0.017581389
ENSAMXG00000030657,20.72381407,-1.261655039,0.442935164,-2.848396655,0.004394012,0.028445715
ENSAMXG00000030704,60.67159356,-1.506968945,0.423923575,-3.554812788,0.000378248,0.00406805
ENSAMXG00000030765,3.08177717,-4.886482977,1.702313928,-2.870494623,0.004098302,0.027094725
ENSAMXG00000030945,21.34923394,-2.051331002,0.407211272,-5.037510364,4.71626032674554e-07,1.2942313731349e-05
ENSAMXG00000030976,2.248449043,-4.407956294,1.486503908,-2.965317663,0.003023705,0.021239408
ENSAMXG00000030986,46.24685104,-7.362258896,1.029740316,-7.149626738,8.70141786506504e-13,6.91453428168462e-11
ENSAMXG00000031083,2.451500351,-4.579422944,1.591451568,-2.877513231,0.004008231,0.026616241
ENSAMXG00000031140,8.393006767,-2.140329547,0.820995852,-2.606991913,0.009134152,0.049854272
ENSAMXG00000031202,33.36451584,-1.391563544,0.445049647,-3.126760247,0.00176744,0.014084917
ENSAMXG00000031260,100.3350581,-2.793738662,0.393275803,-7.103764436,1.21403718374856e-12,9.29486824653521e-11
ENSAMXG00000031297,180.1302024,-1.024857274,0.257906264,-3.973758755,7.07472215470639e-05,0.001003569
ENSAMXG00000031300,8.465226482,-6.371410113,1.315155859,-4.84460459,1.26864075788309e-06,3.06502875899507e-05
ENSAMXG00000031428,71.40735083,-3.164827681,0.386036221,-8.198266147,2.43878936681163e-16,3.07165809804713e-14
ENSAMXG00000031437,327.7226752,-1.414606275,0.520484556,-2.717864074,0.006570482,0.038695918
ENSAMXG00000031472,17.78586054,-1.410334738,0.479536737,-2.941035856,0.003271167,0.02259895
ENSAMXG00000031542,33.10370443,-1.47060564,0.401890669,-3.659218172,0.000252986,0.002937545
ENSAMXG00000031557,26.94499656,-5.268580193,1.043460437,-5.049142262,4.43798163674325e-07,1.23607372264575e-05
ENSAMXG00000031639,25.4609794,-1.308161209,0.367391984,-3.560668896,0.000369911,0.004006655
ENSAMXG00000031724,8.914501319,-3.942253127,1.050150953,-3.753987095,0.000174044,0.002153648
ENSAMXG00000031737,8.335819049,-3.795966948,0.953146661,-3.982563338,6.81759475288842e-05,0.000975347
ENSAMXG00000031791,75.22888177,-1.836890191,0.21492933,-8.546484529,1.26894432657235e-17,1.71583786480956e-15
ENSAMXG00000031919,13.66990856,-1.837190738,0.611736873,-3.003236879,0.002671244,0.019330493
ENSAMXG00000031976,225.752151,-1.353798502,0.321514603,-4.210690558,2.54591272090547e-05,0.000421923
ENSAMXG00000031993,144.7231015,-1.621055055,0.213768783,-7.583216934,3.37090515475556e-14,3.17527902976328e-12
ENSAMXG00000032058,50.54306199,-1.43830751,0.322305965,-4.462553179,8.09888202876726e-06,0.000154487
ENSAMXG00000032161,9.171797739,-3.608207924,0.803866804,-4.488564405,7.17047467651255e-06,0.000138511
ENSAMXG00000032169,9.414227749,-2.157586459,0.659508767,-3.271505351,0.001069766,0.009410682
ENSAMXG00000032334,704.4431946,-1.229033764,0.130202393,-9.439409975,3.74884382118298e-21,7.30893771509012e-19
ENSAMXG00000032401,4.665669407,-4.72717142,1.223748682,-3.862861296,0.000112067,0.001487745
ENSAMXG00000032404,23.15011627,-1.38422442,0.397169663,-3.485221934,0.000491729,0.005042704
ENSAMXG00000032488,37.6100582,-2.562600931,0.52393742,-4.891043921,1.00302577783604e-06,2.54428641709182e-05
ENSAMXG00000032537,118.8883582,-1.519282294,0.240216807,-6.324629469,2.53840944678044e-10,1.33421665185479e-08
ENSAMXG00000032556,110.7886612,-1.081210745,0.328873984,-3.287614098,0.001010402,0.008992259
ENSAMXG00000032567,208.1021899,-1.228147165,0.25707494,-4.777389685,1.77585416848977e-06,4.09007511580604e-05
ENSAMXG00000032605,6.456093482,-4.447442198,1.160969553,-3.830800031,0.000127727,0.001653748
ENSAMXG00000032619,33.05037691,-2.155407735,0.487257534,-4.423549319,9.70924543361832e-06,0.000180682
ENSAMXG00000032634,15.2460903,-7.213229718,1.098735872,-6.565026138,5.20237361008054e-11,3.02875688611876e-09
ENSAMXG00000032672,116.101989,-5.743578529,1.305262993,-4.400322818,1.08089955121609e-05,0.000198287
ENSAMXG00000032700,210.4919181,-1.401511322,0.308216376,-4.547166965,5.43728624978413e-06,0.000108791
ENSAMXG00000032739,36.8107645,-1.399644418,0.306237593,-4.570452643,4.86671894143653e-06,9.90660484504421e-05
ENSAMXG00000032754,15.09800973,-1.735243315,0.559394185,-3.102004565,0.00192215,0.015088337
ENSAMXG00000032761,68.19526955,-1.172048125,0.233448684,-5.020581421,5.15153087238745e-07,1.40448322174505e-05
ENSAMXG00000032933,34.46917587,-1.164009377,0.320642865,-3.630236329,0.000283162,0.003212297
ENSAMXG00000032953,17.45956752,-1.152686129,0.428453047,-2.690344104,0.007137838,0.041292462
ENSAMXG00000032973,38.64418666,-3.09326153,0.629771382,-4.911721332,9.02803014303342e-07,2.32523780965041e-05
ENSAMXG00000032996,4.798507431,-3.348523188,1.228697875,-2.725261641,0.006425055,0.038143582
ENSAMXG00000033099,14.45856144,-7.132999896,1.144246874,-6.233794522,4.5527017558937e-10,2.2854835431458e-08
ENSAMXG00000033158,119.4901996,-1.167909871,0.190744996,-6.122886035,9.1895425349057e-10,4.409953519729e-08
ENSAMXG00000033163,2.829975261,-3.995227484,1.352206182,-2.954599333,0.003130754,0.021869603
ENSAMXG00000033193,28.83459115,-1.037954538,0.34774916,-2.984779424,0.002837829,0.020213201
ENSAMXG00000033195,7.480453756,-2.720335211,0.778813427,-3.492922845,0.000477765,0.004941812
ENSAMXG00000033323,1502.327046,-1.460176158,0.172386745,-8.470350528,2.44655675966151e-17,3.28171337513956e-15
ENSAMXG00000033324,21.90132941,-3.320169368,0.763428642,-4.349023846,1.36744843977374e-05,0.000245219
ENSAMXG00000033376,111.1951808,-3.217869314,0.680098887,-4.731472693,2.2289680561473e-06,4.9830809863229e-05
ENSAMXG00000033383,4.818746752,-2.621249056,0.943359299,-2.778632763,0.00545882,0.033530757
ENSAMXG00000033538,18.48099648,-7.479461102,2.411704281,-3.10131767,0.001926615,0.015102174
ENSAMXG00000033561,23.98782806,-1.595665398,0.461701953,-3.456050791,0.000548152,0.005477274
ENSAMXG00000033613,24.28334711,-1.093045305,0.375311445,-2.912368701,0.00358699,0.024339561
ENSAMXG00000033629,156.4614922,-4.18666743,0.361748017,-11.57343575,5.6186711886454e-31,2.24305380523851e-28
ENSAMXG00000033634,74.98192458,-1.332650918,0.276891048,-4.81290719,1.48750380503386e-06,3.50787289718745e-05
ENSAMXG00000033917,5.352151563,-3.212254813,1.173582654,-2.737135559,0.006197675,0.037134205
ENSAMXG00000033958,45.65067895,-1.471166746,0.483072573,-3.04543629,0.00232343,0.017404023
ENSAMXG00000034058,32.7385319,-3.931770698,0.707103044,-5.560392831,2.69168098060208e-08,9.64346474396475e-07
ENSAMXG00000034064,2.76909728,-4.760152088,1.37855009,-3.453013513,0.000554361,0.005522861
ENSAMXG00000034098,256.787548,-2.748912096,0.229514966,-11.97704942,4.68710173610084e-33,2.31143043556479e-30
ENSAMXG00000034110,7.335647826,-3.992104721,1.116874499,-3.574353901,0.000351094,0.003847575
ENSAMXG00000034157,59.90521643,-1.705228917,0.282417016,-6.037982197,1.56053277563582e-09,7.22802570416736e-08
ENSAMXG00000034180,81.34368774,-2.781622566,0.280839235,-9.904679327,3.97242352104959e-23,9.3810739686533e-21
ENSAMXG00000034206,27.47283485,-2.812122167,0.532110947,-5.284841781,1.25813447734058e-07,4.04897135922639e-06
ENSAMXG00000034232,61.87305952,-2.921240566,0.846733783,-3.450010644,0.000560564,0.005574724
ENSAMXG00000034304,66.42509535,-1.145065333,0.295866996,-3.870202991,0.000108745,0.001452847
ENSAMXG00000034366,2.660249467,-4.656311516,1.409528513,-3.303453227,0.000955019,0.008618301
ENSAMXG00000034532,36.32303771,-3.947459291,0.47541193,-8.30323987,1.01310045452528e-16,1.30666579392502e-14
ENSAMXG00000034539,27.47236228,-3.286872677,0.497365276,-6.608568868,3.88053010464472e-11,2.30726412285738e-09
ENSAMXG00000034567,34.93559513,-1.051722799,0.287582179,-3.657120901,0.000255064,0.002951456
ENSAMXG00000034575,147.0851981,-2.330392426,0.176752474,-13.1844968,1.07770686325992e-39,6.94996576010732e-37
ENSAMXG00000034606,2.170111894,-4.371014213,1.573318697,-2.778212846,0.00546588,0.033557822
ENSAMXG00000034655,231.9046531,-1.86194198,0.162312004,-11.47137572,1.83715124890454e-30,7.00079886145055e-28
ENSAMXG00000034679,48.70086922,-1.571422617,0.25525998,-6.15616524,7.45274640993788e-10,3.64315449141191e-08
ENSAMXG00000034754,83.13849832,-1.155314418,0.414378068,-2.788068454,0.005302334,0.032854483
ENSAMXG00000034773,24.82523305,-2.273182105,0.5551842,-4.094464694,4.23144884336674e-05,0.000649119
ENSAMXG00000034819,13.19781497,-2.509343092,0.613439345,-4.090613213,4.30234129897545e-05,0.000659062
ENSAMXG00000034847,56.65770232,-1.57532353,0.264904618,-5.946757525,2.73506093682311e-09,1.18498105239569e-07
ENSAMXG00000034879,143.7213232,-2.382725844,0.318353703,-7.484523726,7.18070614506256e-14,6.54341847468825e-12
ENSAMXG00000034924,13.4571578,-1.566910841,0.498078015,-3.145914484,0.001655684,0.013346565
ENSAMXG00000035157,18.98626693,-1.424104786,0.424754907,-3.352768297,0.000800077,0.007456856
ENSAMXG00000035197,12.82662928,-2.540912459,0.735740386,-3.453544903,0.00055327,0.005515268
ENSAMXG00000035210,23.69944203,-1.240726715,0.402832041,-3.080010002,0.002069936,0.015949735
ENSAMXG00000035267,10.03416971,-3.675807643,0.949005428,-3.873326258,0.00010736,0.001436636
ENSAMXG00000035312,11.19711489,-3.006750471,0.68636649,-4.380677839,1.18310685583729e-05,0.000215387
ENSAMXG00000035382,44.25523408,-1.658957913,0.464047693,-3.57497287,0.000350264,0.003840994
ENSAMXG00000035430,36.03822634,-1.005873906,0.286660068,-3.508943231,0.000449891,0.004705752
ENSAMXG00000035448,6.062738939,-2.389614647,0.796343522,-3.000733453,0.002693302,0.019439775
ENSAMXG00000035474,8.501777294,-2.969812364,0.911240555,-3.25908713,0.001117713,0.009735428
ENSAMXG00000035523,4.701728659,-5.527688439,1.285657319,-4.299503729,1.71180995815223e-05,0.000298843
ENSAMXG00000035540,16.33940991,-2.371396246,0.489339912,-4.846112466,1.25904161709871e-06,3.04622666578559e-05
ENSAMXG00000035555,30.19059317,-1.841023068,0.413378913,-4.45359695,8.44435515949916e-06,0.000160529
ENSAMXG00000035676,676.9906448,-1.557798142,0.20338233,-7.65945667,1.8672133259637e-14,1.83674114361945e-12
ENSAMXG00000035755,7.956867378,-2.234009697,0.682959509,-3.271071958,0.001071406,0.009414247
ENSAMXG00000035878,4.472159036,-4.640568534,1.24283648,-3.73385285,0.000188573,0.002302839
ENSAMXG00000036019,6.852839017,-6.028584944,1.579082633,-3.817776739,0.00013466,0.001726177
ENSAMXG00000036048,18.40964822,-4.674521631,0.818132244,-5.713650409,1.10578047945138e-08,4.25243607774341e-07
ENSAMXG00000036068,719.3384654,-5.397285175,1.45263448,-3.715514983,0.00020279,0.002440907
ENSAMXG00000036105,175.5321621,-1.605024244,0.161652367,-9.928863215,3.11789733632077e-23,7.57649052725948e-21
ENSAMXG00000036218,18.88752759,-7.516503038,1.084074576,-6.933566385,4.10361205477532e-12,2.84319269927346e-10
ENSAMXG00000036261,6.831271341,-3.884169097,1.24214074,-3.126995978,0.001766023,0.014080321
ENSAMXG00000036309,188.8393489,-1.193562246,0.166993329,-7.147364828,8.84595541193158e-13,6.99623275433287e-11
ENSAMXG00000036365,128.7306692,-1.038462192,0.195453923,-5.313079306,1.07788099661465e-07,3.52984974028082e-06
ENSAMXG00000036513,26.12542004,-1.593980362,0.348789215,-4.570039132,4.87633152763537e-06,9.91047887561966e-05
ENSAMXG00000036599,38.33206362,-1.428464659,0.279418554,-5.112275619,3.18300954488294e-07,9.24948371560697e-06
ENSAMXG00000036641,71.73380618,-5.527421623,0.616425768,-8.966889298,3.05006406607623e-19,4.64912947235456e-17
ENSAMXG00000036658,19.93526956,-2.151826632,0.465169036,-4.625902556,3.72970632428889e-06,7.77810770389949e-05
ENSAMXG00000036848,16.39253769,-2.371948072,0.67361281,-3.521233618,0.000429544,0.004521133
ENSAMXG00000036866,253.2514711,-7.419832343,0.922058092,-8.04703349,8.48249757894107e-16,1.02320889860507e-13
ENSAMXG00000036899,6.830176512,-4.49843193,1.272816288,-3.534235045,0.000408957,0.004355263
ENSAMXG00000036923,5.204596329,-4.049801042,1.478935056,-2.738322434,0.00617535,0.037032221
ENSAMXG00000036925,24.20903936,-1.310060597,0.377260045,-3.472566506,0.000515507,0.005219511
ENSAMXG00000036939,246.0337294,-1.147506603,0.172998835,-6.633030809,3.28863133343305e-11,1.99063110352606e-09
ENSAMXG00000036981,12.08657538,-2.294150884,0.638614276,-3.592388972,0.00032766,0.003631117
ENSAMXG00000037084,11.56394154,-3.240596937,0.681581267,-4.754527589,1.98910978362132e-06,4.50694645161875e-05
ENSAMXG00000037085,5.662392323,-5.776477826,1.2417992,-4.651700393,3.29209147081278e-06,6.99600731192875e-05
ENSAMXG00000037149,53.22706316,-1.591825064,0.285585326,-5.57390356,2.49093665211394e-08,8.98799112186762e-07
ENSAMXG00000037174,12.96050993,-1.585407023,0.529812632,-2.99239189,0.002768007,0.0198508
ENSAMXG00000037187,368.5288653,-1.086887118,0.141908976,-7.659044175,1.87321963117389e-14,1.83674114361945e-12
ENSAMXG00000037256,28.72556186,-4.83545851,0.616356675,-7.845227777,4.32168349091946e-15,4.55733755297148e-13
ENSAMXG00000037258,18.03905424,-4.625928663,0.776157093,-5.960041726,2.52173534454466e-09,1.10298701774668e-07
ENSAMXG00000037275,35.94490764,-2.512187119,0.415253863,-6.04976219,1.45059803430936e-09,6.75616034479583e-08
ENSAMXG00000037464,22.19809362,-1.860431969,0.43656328,-4.261540208,2.03022817100675e-05,0.000346564
ENSAMXG00000037466,86.62221521,-7.678150737,0.853178458,-8.999466249,2.26817688223706e-19,3.52134460967303e-17
ENSAMXG00000037544,29.06000568,-1.521303761,0.472148895,-3.222084763,0.001272615,0.010831594
ENSAMXG00000037556,29.70332351,-1.105616925,0.341186185,-3.240509067,0.001193165,0.01028047
ENSAMXG00000037560,79.08199185,-3.101766677,0.336294479,-9.223364846,2.87920155951573e-20,4.97686314931962e-18
ENSAMXG00000037581,7.231102101,-2.935958829,0.794188161,-3.696805083,0.00021833,0.002601803
ENSAMXG00000037593,3.01655883,-4.078113196,1.354299933,-3.011233402,0.002601888,0.018967761
ENSAMXG00000037670,5.536781664,-3.62924011,1.042284265,-3.482006043,0.000497672,0.005094307
ENSAMXG00000037684,24.01235939,-1.573306803,0.537677253,-2.92611747,0.003432213,0.023517743
ENSAMXG00000037793,213.1414454,-1.059809819,0.31890488,-3.323278778,0.00088966,0.00819161
ENSAMXG00000037836,104.0382233,-1.333176955,0.19053193,-6.997131407,2.61256231256792e-12,1.92126457433449e-10
ENSAMXG00000037986,12.2190169,-6.148025229,1.852819406,-3.318199933,0.000905996,0.008310086
ENSAMXG00000037990,97.45626763,-1.428181507,0.202103978,-7.066568011,1.58812355710055e-12,1.19946250819392e-10
ENSAMXG00000038049,4.687949026,-2.841779307,1.079193313,-2.633243992,0.008457357,0.047055142
ENSAMXG00000038137,17.13286845,-5.298280264,0.902371892,-5.871504101,4.31858911372373e-09,1.78789589308162e-07
ENSAMXG00000038142,17.80977417,-1.283967677,0.489902368,-2.6208644,0.008770714,0.048466583
ENSAMXG00000038278,40.49234791,-1.790938502,0.30534,-5.865391037,4.48075441091868e-09,1.84591668815414e-07
ENSAMXG00000038316,28.01594911,-1.105836866,0.344217503,-3.212610793,0.001315344,0.011114937
ENSAMXG00000038344,5.025924627,-3.430170134,1.140044073,-3.008804848,0.002622775,0.019083485
ENSAMXG00000038387,24.0288214,-5.806381032,0.974264117,-5.959760738,2.5260751166859e-09,1.10298701774668e-07
ENSAMXG00000038392,10.63739521,-3.851518455,1.183626288,-3.253998746,0.001137928,0.009880702
ENSAMXG00000038396,9.354569266,-4.482049519,1.126786243,-3.977728293,6.95768106046538e-05,0.000992846
ENSAMXG00000038444,12.05434191,-2.580648122,0.847657446,-3.044446945,0.002331085,0.017441013
ENSAMXG00000038469,6.937161821,-3.558468443,1.003994782,-3.5443097,0.000393643,0.00422008
ENSAMXG00000038501,15.28372383,-2.45632295,0.499584967,-4.916727107,8.80030919431762e-07,2.27708000402968e-05
ENSAMXG00000038538,25.86798847,-4.023609226,0.598503389,-6.722784367,1.78284333132604e-11,1.11126149205739e-09
ENSAMXG00000038582,217.9513168,-1.060595677,0.281749704,-3.764318693,0.000167004,0.002077554
ENSAMXG00000038618,37.24819034,-1.138071914,0.328466393,-3.464804734,0.000530617,0.005353098
ENSAMXG00000038792,103.8445715,-1.423233778,0.21580378,-6.595036377,4.25151605211742e-11,2.49248844915569e-09
ENSAMXG00000038894,11.1469847,-2.842005317,0.732915167,-3.877672948,0.00010546,0.00141687
ENSAMXG00000038928,11.10677485,-4.167869028,0.984588211,-4.233108807,2.30482923863666e-05,0.000388003
ENSAMXG00000038948,105.275528,-1.424477526,0.197217477,-7.222876744,5.08991454083956e-13,4.24590035354512e-11
ENSAMXG00000038955,52.38617004,-1.228645526,0.322062964,-3.814923369,0.000136225,0.001743579
ENSAMXG00000038972,11.78208638,-2.055239489,0.593438713,-3.463271683,0.000533649,0.005373992
ENSAMXG00000039033,22.1298586,-1.333368484,0.430859838,-3.094668767,0.001970328,0.015358666
ENSAMXG00000039067,59.61434576,-1.399381316,0.237483111,-5.89255089,3.80278926226342e-09,1.59802926216468e-07
ENSAMXG00000039240,247.5185686,-1.690295506,0.220692713,-7.659045373,1.87320215897299e-14,1.83674114361945e-12
ENSAMXG00000039272,29.16946998,-2.107703471,0.434365155,-4.852376957,1.21990469827333e-06,2.9658685864123e-05
ENSAMXG00000039354,3.951891506,-5.261177044,1.286188778,-4.090516985,4.30412686915975e-05,0.000659062
ENSAMXG00000039429,59.12500333,-1.324483993,0.243194549,-5.446191113,5.14598455646383e-08,1.77171915930655e-06
ENSAMXG00000039589,124.5911776,-1.408872164,0.327215405,-4.305641303,1.66502667301344e-05,0.000292943
ENSAMXG00000039612,41.55441889,-5.371128255,0.615964499,-8.719866582,2.78529792738507e-18,3.9577195210564e-16
ENSAMXG00000039631,3.350077637,-5.030823567,1.353452895,-3.717028929,0.000201579,0.002429821
ENSAMXG00000039701,3.511403132,-3.54537438,1.2403226,-2.858429235,0.004257441,0.027873685
ENSAMXG00000039703,51.51993362,-1.24163228,0.306714254,-4.048172737,5.16190458212233e-05,0.000767284
ENSAMXG00000039769,27.00525505,-1.202041789,0.450879074,-2.665995958,0.007676062,0.043554831
ENSAMXG00000039796,652.6764237,-1.334610612,0.119476612,-11.17047584,5.68753722817599e-29,1.83390262893898e-26
ENSAMXG00000039873,3.758612988,-5.173492008,1.292679556,-4.002145763,6.27706058610679e-05,0.000905744
ENSAMXG00000039955,8.625721535,-2.90846297,0.833856358,-3.487966414,0.000486709,0.005012439
ENSAMXG00000039968,13.88600322,-1.532562483,0.538791628,-2.84444376,0.004448904,0.028734504
ENSAMXG00000040043,27.60777621,-1.23493969,0.377547307,-3.270953508,0.001071855,0.009414247
ENSAMXG00000040082,5.355696723,-4.140517082,1.28077423,-3.232823541,0.001225733,0.010480294
ENSAMXG00000040104,13.88208118,-2.753213295,0.650685452,-4.231250731,2.32395441525326e-05,0.000390047
ENSAMXG00000040108,121.5691449,-1.113584819,0.22061144,-5.047720183,4.47113344606232e-07,1.24118368361137e-05
ENSAMXG00000040215,63.48655987,-1.105847802,0.249655607,-4.429493155,9.44548108573472e-06,0.000176859
ENSAMXG00000040221,48.59412152,-8.8724647,2.783470971,-3.187554241,0.001434815,0.011862697
ENSAMXG00000040243,11.99593939,-1.958916263,0.63415854,-3.089000839,0.002008309,0.015596717
ENSAMXG00000040325,146.8808816,-1.240518591,0.279196344,-4.443176342,8.86404575007464e-06,0.000167747
ENSAMXG00000040374,9.710257359,-6.556743234,1.317585169,-4.976333514,6.47999596885593e-07,1.73009701289502e-05
ENSAMXG00000040424,2.402076589,-4.547135975,1.477161432,-3.07829319,0.0020819,0.016027187
ENSAMXG00000040426,481.4804098,-4.615584477,0.1959368,-23.55649617,1.07695575120555e-122,6.01910569348783e-119
ENSAMXG00000040429,9.059158466,-2.352304031,0.682058057,-3.448832553,0.000563016,0.005592467
ENSAMXG00000040443,10.52248332,-2.593595742,0.684971585,-3.786428223,0.000152828,0.001925222
ENSAMXG00000040461,29.68032909,-1.086478081,0.321910427,-3.375094402,0.000737904,0.007001942
ENSAMXG00000040526,109.180732,-5.405689632,1.606133744,-3.365653484,0.000763626,0.00719714
ENSAMXG00000040678,30.04426607,-1.219445492,0.330330064,-3.69159706,0.00022285,0.002638793
ENSAMXG00000040799,9.186079193,-2.447182874,0.797779942,-3.067491103,0.002158639,0.016481739
ENSAMXG00000040869,5.929359345,-5.867306423,1.283292587,-4.572072248,4.82924358630266e-06,9.86007543319545e-05
ENSAMXG00000040875,20.0062202,-3.075944513,0.597191129,-5.150686877,2.59534181190153e-07,7.70196392215097e-06
ENSAMXG00000040882,19.86710653,-3.693425403,0.602440477,-6.130772327,8.74534808229369e-10,4.2519350168341e-08
ENSAMXG00000040888,21.3334626,-7.682482939,1.07380391,-7.154456107,8.40053197628096e-13,6.73931672948817e-11
ENSAMXG00000040889,6.929897092,-2.873541405,0.79293986,-3.62390838,0.000290184,0.003276446
ENSAMXG00000040922,6.261417234,-4.410112198,1.28212564,-3.439688016,0.000582385,0.005750796
ENSAMXG00000040989,124.8468054,-1.280039214,0.249447206,-5.131503518,2.87436852289711e-07,8.45518193393259e-06
ENSAMXG00000040991,83.70204959,-4.504301635,1.474324748,-3.055162468,0.002249386,0.016981297
ENSAMXG00000041063,15.11206899,-1.899324835,0.544857117,-3.485913602,0.000490459,0.005035844
ENSAMXG00000041112,26.05070704,-2.124620167,0.607230243,-3.498870801,0.000467233,0.004856847
ENSAMXG00000041169,15.72096246,-4.452043236,0.79674937,-5.587758711,2.30018934797985e-08,8.36600320988679e-07
ENSAMXG00000041310,94.98233487,-3.882084285,0.855231429,-4.539220793,5.64624899313696e-06,0.000112435
ENSAMXG00000041368,69.25042597,-1.498516824,0.3246451,-4.615861524,3.91467919727605e-06,8.12344382434747e-05
ENSAMXG00000041458,10.40772378,-3.550463042,0.767261564,-4.627448066,3.70199023239438e-06,7.74753266211998e-05
ENSAMXG00000041470,11.07753484,-3.893738966,1.12061463,-3.474645842,0.000511528,0.005195044
ENSAMXG00000041473,2057.016813,-2.626312164,0.440016001,-5.96867423,2.39189139798696e-09,1.05262055301961e-07
ENSAMXG00000041515,19.97735525,-1.671154893,0.436723038,-3.826578288,0.000129937,0.001675885
ENSAMXG00000041555,48.54803513,-1.216279922,0.372456798,-3.265559734,0.00109248,0.00955535
ENSAMXG00000041670,9.694462178,-6.547478926,2.300747347,-2.84580527,0.004429928,0.028634
ENSAMXG00000041674,3.266165907,-4.955326445,1.828310046,-2.710331574,0.006721598,0.039378416
ENSAMXG00000041706,20.22191014,-1.446531927,0.526371918,-2.74811759,0.005993851,0.036095024
ENSAMXG00000041747,48.74900784,-1.310955441,0.269582612,-4.862908001,1.15673618835338e-06,2.86908219972207e-05
ENSAMXG00000041784,18.85027266,-1.278986278,0.440668547,-2.902377049,0.003703425,0.024947902
ENSAMXG00000041824,20.15343969,-5.150496709,0.850072524,-6.058890936,1.37063282948362e-09,6.40150435987519e-08
ENSAMXG00000041853,12.74323721,-1.829778558,0.678268311,-2.697720841,0.006981596,0.040561476
ENSAMXG00000041864,18.95691311,-1.276592448,0.407110751,-3.135737499,0.001714226,0.013752355
ENSAMXG00000041869,18.69512679,-1.963120713,0.459790452,-4.269598696,1.95824983118519e-05,0.000335383
ENSAMXG00000041876,68.23099156,-1.066292194,0.21572997,-4.942717028,7.70412666596872e-07,2.02468795937771e-05
ENSAMXG00000041918,6.623532103,-4.513050168,1.40849015,-3.204175882,0.001354497,0.011366793
ENSAMXG00000042040,65.38943283,-4.364429196,0.544410649,-8.016796157,1.08539025192863e-15,1.2638012745894e-13
ENSAMXG00000042050,46.31205442,-2.946975134,0.371339951,-7.936057317,2.0870959026883e-15,2.28721156865195e-13
ENSAMXG00000042063,111.6129668,-1.517172348,0.214032113,-7.088526688,1.3554724383183e-12,1.03305483514923e-10
ENSAMXG00000042090,247.6261437,-1.004580731,0.236050522,-4.255786943,2.08315008640608e-05,0.000354601
ENSAMXG00000042147,33.34172112,-1.069721642,0.299632929,-3.570107076,0.000356835,0.003892507
ENSAMXG00000042298,4.028908001,-3.700000504,1.211672571,-3.053630653,0.002260902,0.017060554
ENSAMXG00000042316,100.9111935,-1.011459955,0.190721689,-5.303329469,1.13709426297258e-07,3.69489525334522e-06
ENSAMXG00000042382,165.3125638,-1.305712418,0.200156399,-6.52346079,6.87033788221549e-11,3.93156843928693e-09
ENSAMXG00000042402,139.0251379,-1.166672428,0.211544486,-5.515021694,3.48736939307093e-08,1.23100468660253e-06
ENSAMXG00000042439,268.9607959,-1.316914669,0.228990127,-5.750967033,8.87344186329552e-09,3.46434160172357e-07
ENSAMXG00000042554,12.50194411,-1.676071346,0.540862496,-3.098886238,0.001942496,0.015178471
ENSAMXG00000042613,2.3039457,-3.639985085,1.39683351,-2.605883278,0.009163768,0.049999643
ENSAMXG00000042666,240.9400677,-2.233393239,0.172840966,-12.92166601,3.39705387877338e-38,2.10957045871827e-35
ENSAMXG00000042828,49.05705934,-2.621378016,0.42511456,-6.166286137,6.99125262770613e-10,3.43760506770524e-08
ENSAMXG00000042898,40.18210103,-4.200086896,1.012343682,-4.148874507,3.34113897739209e-05,0.000531004
ENSAMXG00000042939,5.149031887,-2.631241498,0.957499752,-2.748033609,0.005995386,0.036095024
ENSAMXG00000042950,5.797323381,-2.550269983,0.938037579,-2.718729014,0.006553327,0.038662786
ENSAMXG00000042964,14.58301658,-3.827585202,0.666385104,-5.743803661,9.25731213316973e-09,3.5929942716865e-07
ENSAMXG00000042974,78.06003301,-5.976530787,1.047168218,-5.707326373,1.14764592320002e-08,4.37947609580327e-07
ENSAMXG00000043004,6.995896254,-2.801985543,1.072538657,-2.61247977,0.008988801,0.049221172
ENSAMXG00000043020,3.272992142,-4.955887605,1.399915448,-3.540133523,0.000399925,0.00427649
ENSAMXG00000043040,811.6435987,-1.126257214,0.162509921,-6.930390502,4.19680505966369e-12,2.89579549116795e-10
ENSAMXG00000043097,61.7428871,-1.147913482,0.348152438,-3.297157673,0.000976687,0.008771346
ENSAMXG00000043205,26.21731888,-2.706997656,0.506423253,-5.345326544,9.02541923727576e-08,2.99661790794857e-06
ENSAMXG00000043219,97.21014089,-5.612438886,0.437138478,-12.8390411,9.90942406866806e-38,5.9339754771199e-35
ENSAMXG00000043487,10.89552725,-6.71831553,2.289933681,-2.933847205,0.00334789,0.023043542
ENSAMXG00000043582,9.463025594,-1.679778814,0.598394057,-2.807144879,0.004998276,0.031470555
ENSAMXG00000043652,10.86538467,-3.579664294,0.794375206,-4.506263872,6.59790310223202e-06,0.000128636
ENSAMXG00000043752,18.44695195,-4.659983641,1.109073692,-4.20168982,2.64929969633723e-05,0.000435925
ENSAMXG00000043756,15.89807573,-1.887860061,0.582532281,-3.240781877,0.001192024,0.010275917
ENSAMXG00000043781,20.69153533,-3.638922757,0.574735537,-6.331473392,2.42831051526086e-10,1.29667141431143e-08
ENSAMXG00000043836,57.29236983,-2.194461638,0.256253042,-8.563651084,1.09348418579555e-17,1.49060563766129e-15
ENSAMXG00000043849,8.588493537,-3.21779508,0.944717204,-3.406093449,0.000658996,0.006387762
ENSAMXG00000043851,25.51254512,-1.13860555,0.348668218,-3.265584563,0.001092384,0.00955535
ENSAMXG00000043911,13.08367625,-5.52179344,1.123135445,-4.916409204,8.81460513343417e-07,2.2772647807749e-05
ENSAMXG00000043923,4.76767515,-4.788420831,1.270639082,-3.768513733,0.000164222,0.002048748
ENSAMXG00000044048,36.75190599,-1.908675455,0.359006811,-5.316543858,1.05756740327279e-07,3.47690836287741e-06
ENSAMXG00000044103,8.036838841,-6.292386452,1.214121246,-5.182667278,2.18735037799567e-07,6.5491613906881e-06
ENSAMXG00000044106,19.31581028,-1.182282432,0.425832418,-2.776403068,0.005496402,0.033671237
