"","Gene.stable.ID","baseMean","log2FoldChange","lfcSE","stat","pvalue","padj","Gene.name"
"1","ENSAMXG00000000420",863.214941949327,0.523451982518874,0.137257651698024,3.81364518511875,0.000136932021679735,0.00548915762417181,"cftr"
"2","ENSAMXG00000000525",311.366770852308,0.751955837097607,0.251957594400704,2.98445394704684,0.0028408496211428,0.0454131342285228,"ddb2"
"3","ENSAMXG00000000730",101.358831956155,1.5040706252994,0.259981328437649,5.78530248436714,7.23819639371384e-09,1.72334875955787e-06,"coro2bb"
"5","ENSAMXG00000000890",479.692426568831,0.431012627107981,0.120417381793366,3.579322359355,0.000344486321732675,0.0108265161194145,"rtf2"
"6","ENSAMXG00000000991",53.0598036699827,1.47884646609291,0.494172963790273,2.99256854270265,0.00276640538560163,0.0446317189212978,"tgm1l2"
"7","ENSAMXG00000001281",886.97829457928,0.534420584612977,0.110412978350682,4.840197163377,1.29710376360478e-06,0.000143540060149898,"neurod6a"
"8","ENSAMXG00000001433",49.0543147445306,0.751786813613824,0.253455825784754,2.96614532842609,0.00301557955388906,0.0472450818642201,"LIN28B"
"9","ENSAMXG00000001448",50.4405068078882,0.756658526852503,0.251515412620083,3.00839824872063,0.00262628730791295,0.0429890403714001,"bves"
"10","ENSAMXG00000001734",1184.71645576752,0.818662399375762,0.12497067984711,6.55083576705606,5.7215955916776e-11,2.72451979174611e-08,"wwp2"
"11","ENSAMXG00000001766",135.787533558128,0.972945891999481,0.316526896153424,3.07381743486305,0.0021133871874699,0.0376955349192986,"csf3r"
"12","ENSAMXG00000001873",2221.72022802478,0.310092132407114,0.0819084444010948,3.78583837935725,0.00015319122012938,0.00593875306425656,"myt1la"
"13","ENSAMXG00000001895",6003.48064656775,0.344291074767947,0.113410298010463,3.03580081181148,0.00239897789669663,0.0405349878157965,"EIF5"
"14","ENSAMXG00000002217",1350.95066799919,0.432846184969104,0.142507468795499,3.03735789167827,0.0023866190781091,0.0405003587401796,"eno1b"
"15","ENSAMXG00000002235",31.3138921018452,1.22761430209425,0.394680628095477,3.11039918026399,0.00186834664563835,0.0346020262828815,"slc26a6l"
"16","ENSAMXG00000002373",196.332522380928,0.565127016748208,0.156353118068436,3.61442754535187,0.000301011978757997,0.00977293850041975,"tcea2"
"17","ENSAMXG00000002754",268.235686799293,0.91521691865764,0.309059391428021,2.96129787361855,0.00306345498575533,0.0477570750457929,"si:dkeyp-44a8.4"
"18","ENSAMXG00000002797",229.53896069319,0.796421016658357,0.176468532709466,4.51310499628604,6.38853748157758e-06,0.000514817835823129,"lratb.1"
"19","ENSAMXG00000003059",794.868824951634,0.359418023337692,0.120998430630438,2.97043541362491,0.0029737792903036,0.0467299677678308,"slc38a7"
"20","ENSAMXG00000003170",70.7845154017754,0.692710853553554,0.228376940254592,3.03319088512758,0.00241982480927037,0.0408193052327309,"thyn1"
"21","ENSAMXG00000003384",328.205204564698,0.437565554872714,0.137508530204195,3.1820975340435,0.00146212570751505,0.0294840871562418,"glo1"
"23","ENSAMXG00000003597",2743.73067191492,0.47090228747732,0.101946550252397,4.61910958547858,3.85390288351706e-06,0.000346880436757725,"cpne2"
"24","ENSAMXG00000003664",507.298489910867,0.376783778913983,0.101629000132649,3.70744352913238,0.000209362082646398,0.00746012645511451,"ints13"
"25","ENSAMXG00000003725",5196.0347777506,0.351301719624023,0.11809603311376,2.97471227747014,0.00293263470806487,0.0463347503550546,"syt4"
"26","ENSAMXG00000003737",773.374368276062,0.507781249703429,0.133348936857332,3.80791374622428,0.000140144134696831,0.00556117407228789,"pld1b"
"27","ENSAMXG00000003998",304.930175693382,1.33118178350407,0.259622990621734,5.12736480046013,2.93825839447086e-07,4.12248146524241e-05,"proca1"
"29","ENSAMXG00000004386",2353.23322849578,0.705763723369101,0.124891879738191,5.65099768574691,1.59519239555164e-08,3.43381552105458e-06,"hspa8b"
"30","ENSAMXG00000004726",22.4669786889492,2.82908053366465,0.550572725251004,5.13843204342329,2.77040344565982e-07,3.96121635846645e-05,"cnga3b"
"31","ENSAMXG00000004732",449.363227259186,0.512064371755,0.133146962519261,3.84585845644751,0.000120131099694246,0.00496773710682993,"bag3"
"32","ENSAMXG00000004903",842.484656860484,0.388282028579828,0.120591154107734,3.21982181406891,0.00128270298620693,0.0268751929670076,"agap2"
"34","ENSAMXG00000004970",51.5837258544541,0.840799858157875,0.281896550606185,2.98265394290862,0.00285760898076581,0.045519707861914,"faah2b"
"35","ENSAMXG00000004989",183.060661522956,0.853730982959904,0.242156915029911,3.52552799433562,0.000422639505172875,0.0125072640005397,"ptgr1"
"36","ENSAMXG00000005049",30.7829378948473,7.19279832964691,1.71496208934497,4.19414421714372,2.73903685578852e-05,0.00166450129006095,"si:dkey-239i20.4"
"37","ENSAMXG00000005057",1295.82917177438,0.391323080120219,0.0795698926319381,4.91797924034332,8.74421830409559e-07,0.000104095944265574,"gmpr2"
"39","ENSAMXG00000005309",1352.29762992431,0.367787117690897,0.108764560978958,3.38149774504262,0.000720918245346886,0.0182130374716736,"frrs1a"
"41","ENSAMXG00000005380",18.0543080361473,2.24938848983006,0.738750671982186,3.04485474618194,0.00232792710615174,0.0400668636868219,"si:dkey-222f8.3"
"42","ENSAMXG00000005447",79.2152253779003,0.877080590750268,0.28708577059546,3.05511690436997,0.00224972811418937,0.0390632349020683,"ccn1l2"
"43","ENSAMXG00000005474",587.250435215083,0.426199012865223,0.114033673704165,3.73748384157912,0.000185871031071094,0.00680833888636636,"epb41l4b"
"44","ENSAMXG00000005619",177.201591760519,3.81918437243535,0.285636416511144,13.3707894080317,8.9585012706902e-41,4.69246296558753e-37,"mblac1"
"45","ENSAMXG00000005644",135.823913577538,1.11219765273144,0.167111777641747,6.65541153607835,2.8250843845389e-11,1.4320443876982e-08,"hps4"
"46","ENSAMXG00000005823",847.1675878184,0.515058336128268,0.13776879491107,3.73857038134606,0.000185069683622583,0.00679482478608708,"phgdh"
"47","ENSAMXG00000005899",51.6255200854566,1.21914166700704,0.326340903368701,3.73579178834855,0.000187125455836695,0.00683834747213446,"itih5"
"48","ENSAMXG00000006062",604.658395671539,0.523595746636173,0.130513644973356,4.01180847215678,6.02553772177907e-05,0.0030642491831727,"rab11fip4b"
"49","ENSAMXG00000006075",6180.136385074,0.317206976479301,0.103330939193687,3.06981605852549,0.00214190642549357,0.0379030603268084,"citb"
"50","ENSAMXG00000006076",48.3732105609545,0.912569852183181,0.249446637609451,3.65837704179423,0.000253817460810306,0.00870848816413352,"fosl1b"
"51","ENSAMXG00000006084",23.2776944607834,1.48222306542986,0.463768333621882,3.19604198469994,0.00139326836375348,0.0283966524877071,"lss"
"52","ENSAMXG00000006107",112.255802486734,0.899450842876514,0.291286123959415,3.08786024768497,0.00201603254333268,0.0364976214123614,"cyp27a1.2"
"53","ENSAMXG00000006157",11.5808492064735,2.18824283233805,0.598483692826255,3.65631153959162,0.000255870365865809,0.00871188098714853,"si:dkey-31g6.6"
"54","ENSAMXG00000006276",2267.60854856893,0.412075546354761,0.0799978736450871,5.15108124227084,2.5898895954002e-07,3.7682893613073e-05,"acadm"
"55","ENSAMXG00000007230",174.357571698001,0.677570529325636,0.208068202775561,3.25648282768376,0.00112801753561509,0.0246191652180878,"COLEC12"
"56","ENSAMXG00000007243",345.85161320591,0.710763457204705,0.184484523058322,3.85269964884809,0.000116822654657093,0.00491579383549981,"rin1a"
"57","ENSAMXG00000007258",844.495129994826,0.44840730520711,0.0830868638532286,5.39684956696902,6.78212052831179e-08,1.22413498180785e-05,"dpp3"
"59","ENSAMXG00000007306",585.602440234092,1.20990508913825,0.264730457837616,4.57032824640221,4.86960878453307e-06,0.000415875176305177,"prpf3"
"60","ENSAMXG00000007472",51.1165190019173,1.10999091379315,0.299302415031419,3.70859324231191,0.000208413914140549,0.0074432187427377,"gfpt2"
"61","ENSAMXG00000007555",199.390944535562,1.08482594002947,0.19428211624389,5.58376633424996,2.35364886897678e-08,4.86647872725014e-06,"slc43a3b"
"62","ENSAMXG00000007587",816.056427126182,0.506922932178335,0.106469448271897,4.76120558907921,1.9243988194236e-06,0.00020026492085048,"jakmip1"
"63","ENSAMXG00000007771",1107.24895979747,0.343699453483065,0.116476210107775,2.95081247204936,0.00316939279803494,0.0488272925767853,"pcyt1ba"
"64","ENSAMXG00000007885",113.172938358695,0.738848704984086,0.243074519158123,3.03959751743232,0.00236894496479966,0.0403310955328947,"slc16a6a"
"65","ENSAMXG00000007909",7.42539143970798,2.79245588794964,0.921972862618982,3.02878316832158,0.00245540845703327,0.0410846956222366,"krt1-19d"
"66","ENSAMXG00000008075",172.606412830965,1.03935348584093,0.178962037186455,5.8076757628662,6.33460384853299e-09,1.56687736150856e-06,"cnot7"
"67","ENSAMXG00000008457",2015.15476085674,0.465316073678594,0.12125476481091,3.83750753551193,0.000124289421614412,0.00509943595626337,"NSG1"
"69","ENSAMXG00000008628",392.200987059881,0.934355891338235,0.203724085778403,4.5863791105906,4.50999344498986e-06,0.000389395807662476,"aifm4"
"71","ENSAMXG00000008956",2572.32729263023,0.422609057544415,0.125108310659782,3.37794552029122,0.000730295474750828,0.0183086321247674,"cacna1eb"
"74","ENSAMXG00000009112",119.560786786278,0.681839185807723,0.21859827698268,3.11914254411871,0.00181378190612553,0.0340522925601633,"plekhg2"
"75","ENSAMXG00000009160",594.136440322018,0.534559364500374,0.0977709604307426,5.46746561704318,4.56515724486251e-08,8.74840011533775e-06,"cyp46a1.3"
"76","ENSAMXG00000009256",385.641949014844,0.348444912564106,0.113436337076124,3.07172217955412,0.00212827709651586,0.0377914429517601,"tmem106a"
"78","ENSAMXG00000009630",593.126075674407,0.434953587169071,0.130364329604886,3.33644631539431,0.000848568155204575,0.0203578625815034,"psmf1"
"79","ENSAMXG00000010251",266.998559497949,0.508979404338152,0.16311570266286,3.12035810182021,0.00180631301600243,0.0340151978869044,"abcg1"
"80","ENSAMXG00000010402",3913.93421291315,0.379213818874609,0.118102721160399,3.21088130018263,0.00132328582467484,0.027360675590711,"rps9"
"81","ENSAMXG00000010491",705.487054888193,0.48665522698025,0.149645788481503,3.25204759798772,0.00114576832797951,0.0248076691620177,"wdr34"
"82","ENSAMXG00000010530",1374.2536272423,0.406539081902254,0.124941606934829,3.2538326653211,0.00113859326467368,0.0247125062998373,"atn1"
"84","ENSAMXG00000010893",6037.67624680348,0.450336241934295,0.143651679796596,3.13491803626626,0.00171902134151697,0.0329021941054783,"etv5a"
"85","ENSAMXG00000010920",25.1689665095863,1.69816931533377,0.440595174306858,3.85426217616958,0.000116079155500975,0.00491579383549981,"cpb1"
"86","ENSAMXG00000010934",21.3274950316439,1.89450368856277,0.579613503901613,3.2685637512068,0.00108094822987932,0.0241966103765294,"SH3TC1"
"87","ENSAMXG00000010955",538.949839210708,0.319925383718587,0.106905747543046,2.9925929248076,0.00276618441190776,0.0446317189212978,"si:ch73-206p6.1"
"88","ENSAMXG00000010974",518.842120711277,0.815710817139841,0.236683180442298,3.44642494500662,0.000568056334448485,0.0153904090336612,"mfsd2ab"
"89","ENSAMXG00000010996",4.07909660314131,4.89387352172406,1.52249610309158,3.21437507247905,0.00130728787170138,0.0271729121903645,"casp23"
"90","ENSAMXG00000011018",205.537609731773,0.437005915018365,0.140741364213393,3.10502827268161,0.00190260837378494,0.0350499272985423,"tkfc"
"91","ENSAMXG00000011110",952.996110453842,0.63935667072746,0.0966939148383553,6.61217070170634,3.78724910188304e-11,1.85977601209344e-08,"prox3"
"92","ENSAMXG00000011201",398.95893673856,0.771636300495767,0.163899218375519,4.70799255874318,2.50168231435509e-06,0.000253622167017909,"BMERB1"
"93","ENSAMXG00000011312",563.171245537797,0.818690296816577,0.164525966329832,4.97605523966542,6.48931354762101e-07,8.35844861371447e-05,"ldlrb"
"94","ENSAMXG00000011374",597.879002634551,0.504317687226346,0.10804426120239,4.6676952724185,3.04597209042263e-06,0.000288339791740369,"dnajb2"
"95","ENSAMXG00000011486",326.463878133107,0.508052264678987,0.141721562034224,3.58486215778723,0.000337256280805449,0.0106418578244515,"pdia8"
"96","ENSAMXG00000011526",1324.72917434583,0.487426133689015,0.109773285671321,4.44029829942823,8.98342682987491e-06,0.000683260998147133,"sqstm1"
"97","ENSAMXG00000011563",393.596709725507,0.41756174290563,0.1191355141995,3.5049308823765,0.000456725838883875,0.0132416786572347,"rapgef4"
"98","ENSAMXG00000011589",404.541660101073,0.655843131301665,0.143354922389032,4.57496066665824,4.76309463787589e-06,0.000409001470708097,"enox2"
"99","ENSAMXG00000011699",1674.55680039528,0.401618669519843,0.134110527771081,2.99468413251928,0.0027472917930621,0.0444602916953428,"ctsba"
"101","ENSAMXG00000011753",60.2992127402538,1.16635345195744,0.336505545827489,3.46607497683078,0.000528115984992712,0.0147142102627225,"serpine1"
"102","ENSAMXG00000011773",955.368174064212,0.376499033715292,0.120030594938492,3.13669222341373,0.00170865389710193,0.0328237009034961,"necab1"
"103","ENSAMXG00000012045",59.4639494327249,0.798191929385427,0.261205000431301,3.05580646644381,0.00224456085465365,0.0390210028709984,"sfxn2"
"104","ENSAMXG00000012131",433.692636586296,0.747339627735266,0.241197298648393,3.09845770215157,0.00194530736611778,0.0355448371525288,"PTPRM"
"105","ENSAMXG00000012424",9.76079233997467,2.30292723662829,0.628573861385276,3.66373369639171,0.0002485652180095,0.00858451392483798,"bfsp2"
"106","ENSAMXG00000012532",153.686762465454,0.733080025425807,0.241913776985303,3.03033599227523,0.00244281818693073,0.0409787831978558,"rassf4a"
"107","ENSAMXG00000012577",3496.93794427584,0.49188858010042,0.0883040483935331,5.57039670376475,2.54159966488037e-08,5.12034578640131e-06,"fasn"
"108","ENSAMXG00000012779",114.854769828433,1.31547981749294,0.270948191336121,4.85509724573522,1.20327679199862e-06,0.000136030874168822,"dnm3a"
"110","ENSAMXG00000013113",161.819034443635,1.11538974174687,0.296381134425642,3.76336281966256,0.000167643705223826,0.00636317194175654,"plat"
"111","ENSAMXG00000013142",386.79639610137,0.547208649118146,0.147243847693955,3.71634304378894,0.000202127107306169,0.0072849205601127,"dyrk4"
"112","ENSAMXG00000013162",1098.39029322701,0.282433681110495,0.0946971529601645,2.98249390062766,0.00285910345295336,0.045519707861914,"atg3"
"113","ENSAMXG00000013291",207.203295570873,0.890601381340819,0.268716203159866,3.31428239483936,0.000918786633727272,0.0215148334199612,"rexo4"
"114","ENSAMXG00000013358",105.680912223555,0.882283287906905,0.220022063902466,4.00997641899229,6.07248120544927e-05,0.00307816031169129,"dhcr24"
"115","ENSAMXG00000013465",429.919391652498,0.356441057547393,0.106317048318738,3.35262371542506,0.00080049456488493,0.0194720922486096,"aida"
"116","ENSAMXG00000013736",220.616244938873,0.836981508938137,0.223504451188489,3.74480912790539,0.000180530971993259,0.00665713914392049,"ZDHHC7"
"117","ENSAMXG00000013765",496.801592029548,2.09912668082572,0.314848863870704,6.66709307767345,2.609196316948e-11,1.36669703081736e-08,"fosab"
"118","ENSAMXG00000013814",373.79422134567,0.971365540473076,0.189307361047913,5.13115567770885,2.87968611083342e-07,4.07670158068796e-05,"batf"
"119","ENSAMXG00000013835",3245.13727939022,0.301448665304152,0.0924115348868914,3.26202422320022,0.00110619690602139,0.0244910873102669,"RAP1GDS1"
"120","ENSAMXG00000013850",324.070709377889,0.415591350129807,0.124727598174017,3.331991926518,0.000862267576511681,0.0206235505286218,"hprt1l"
"122","ENSAMXG00000014118",70.9995729978291,0.711761920321567,0.22351741442943,3.18436897696974,0.00145069967632417,0.0293388606354671,"psmb8a"
"123","ENSAMXG00000014209",256.243233108682,1.18418489470449,0.217945130134346,5.43340837198124,5.52876795900253e-08,1.03427452033054e-05,"pex1"
"124","ENSAMXG00000014249",139.612425577654,0.751495866900173,0.169718844779256,4.42788700263428,9.51607294048282e-06,0.000712074143746415,"recql"
"125","ENSAMXG00000014433",151.089675675555,1.68900638929219,0.426970457629135,3.95579216105686,7.62814592970125e-05,0.00368826723505617,"NR4A1"
"126","ENSAMXG00000014451",433.584100679314,0.429364308802922,0.12729774507699,3.37291370356358,0.000743772595062536,0.0185813077246625,"ttll5"
"127","ENSAMXG00000014569",59.6645110169048,0.884914929734105,0.25818716018448,3.42741648772083,0.00060935369937946,0.016243358771831,"lrguk"
"129","ENSAMXG00000014833",9.51632406954518,2.44930033610054,0.829032259642744,2.95440896010008,0.00313268567246696,0.0485952839655931,"otofb"
"130","ENSAMXG00000014870",166.256063645095,0.703625203194597,0.18268887973303,3.85149443262684,0.000117399199559604,0.00491579383549981,"dclre1a"
"132","ENSAMXG00000014942",72.1880053880541,1.85809443835677,0.265726719780589,6.99250131823777,2.70027975186769e-12,1.84487808786299e-09,"limk1a"
"133","ENSAMXG00000015173",3038.38650467374,0.459870840350735,0.118475239922126,3.88157762459911,0.000103781014180408,0.00456810884266367,"prickle2a"
"134","ENSAMXG00000015186",95.4916389304613,0.609349034494129,0.198133224080839,3.07545106238978,0.00210184417810944,0.0375322493350133,"pigm"
"137","ENSAMXG00000015493",48.6904036047641,1.63551034947619,0.507683711979701,3.22151432256622,0.00127515088833678,0.0267883971381338,"paox1"
"138","ENSAMXG00000015603",664.420383009689,1.0146668000269,0.131886738010089,7.69347104444481,1.43196125267622e-14,1.40636494528463e-11,"uqcrc2a"
"139","ENSAMXG00000015685",40.7314430219069,0.874254978392028,0.280671715471246,3.11486669372495,0.0018402805795896,0.034344618797709,"cilp2"
"141","ENSAMXG00000015751",524.874555647229,0.497581223932833,0.162466148591164,3.06267630671152,0.00219367208375069,0.0384725034866723,"decr1"
"142","ENSAMXG00000015974",624.149323514452,0.987870132811221,0.141059053824446,7.00323804837558,2.50113325942091e-12,1.7864912744791e-09,"fads2"
"143","ENSAMXG00000016002",196.106112462647,0.865127221919274,0.185548558996255,4.66253807951553,3.12333270806894e-06,0.00029389251601554,"zgc:123305"
"144","ENSAMXG00000016304",902.145854760975,0.571590275747211,0.122386807591884,4.6703585704536,3.00674434163016e-06,0.000286351397481069,"synm"
"145","ENSAMXG00000016318",1035.57565012751,0.396245078516118,0.109294376059446,3.6254846114003,0.000288420072273702,0.00948165902867981,"snd1"
"146","ENSAMXG00000016324",19.0525608121734,2.6596781535991,0.525681927494953,5.05948181683427,4.2039736266705e-07,5.59841030250001e-05,"tlr19"
"147","ENSAMXG00000016363",566.111462176915,0.416514535782522,0.127486325367039,3.26713107922247,0.00108643364410616,0.0242848055241595,"SFMBT1"
"148","ENSAMXG00000016541",686.673690415201,0.5434394741886,0.133714723667257,4.06417079050266,4.82035212353136e-05,0.0025504044871775,"acsbg2"
"149","ENSAMXG00000016743",300.827390887658,0.859275127446237,0.177797437408016,4.83288814491933,1.34566402917453e-06,0.000147872479401738,"ABCA7"
"150","ENSAMXG00000016794",15.5675996568724,1.55980116312492,0.497165282946378,3.13738954956987,0.00170459484567007,0.0328015046261219,"prkag3b"
"151","ENSAMXG00000016963",1703.57421445038,0.422500624125327,0.134223958161745,3.14772884000485,0.00164544254075584,0.0319610433688964,"kif3cb"
"152","ENSAMXG00000017152",1729.76989393334,0.326489014245535,0.0845415230395295,3.8618776017659,0.000112518937719507,0.00483093603094082,"gpcpd1"
"153","ENSAMXG00000017213",729.323476087164,0.992124289632355,0.184664430317628,5.37257926675903,7.76182904255921e-08,1.32575414755191e-05,"IFT122"
"154","ENSAMXG00000017531",589.942926219275,0.525426017094319,0.133427033048522,3.93792775788727,8.21883292599781e-05,0.00390183506341781,"wdr47b"
"155","ENSAMXG00000017540",2795.92544807163,0.304494723877111,0.102277407402101,2.97714550663175,0.00290945890582678,0.0462143655969251,"camsap2a"
"156","ENSAMXG00000017551",502.664299841409,1.43111610321603,0.181882604350376,7.86835062279592,3.59347281349145e-15,3.76452211941365e-12,"trpc6b"
"157","ENSAMXG00000017562",12144.7167133931,0.626137310790437,0.202317108437034,3.09483125588119,0.00196924898446707,0.035857217313923,"jarid2a"
"158","ENSAMXG00000017882",32.3149588679708,1.56292031159227,0.343533488575521,4.5495428060682,5.37625969690577e-06,0.000440793561182334,"frem1b"
"159","ENSAMXG00000017893",258.427308417489,0.553484133098113,0.175150561703972,3.16004771959325,0.0015774330089491,0.0309460453216306,"RETSAT"
"160","ENSAMXG00000018092",244.781771066627,0.783484238860672,0.193373152900454,4.05167018848784,5.08533157166567e-05,0.00265484718661642,"mocs1"
"161","ENSAMXG00000018232",22.7912969429091,3.13349540108498,0.733126543520274,4.27415352612769,1.91864803199287e-05,0.00124585269317091,"lct"
"162","ENSAMXG00000018482",478.33942604433,0.97170219369777,0.321800116054698,3.01958310522363,0.00253122838603505,0.0419575135634544,"sik1"
"163","ENSAMXG00000018528",622.468986915989,0.523269924901089,0.147065665242823,3.5580699549219,0.00037358982853304,0.0114213824232844,"filip1b"
"164","ENSAMXG00000018680",151.4151019767,0.905587518685279,0.18413730298963,4.9180014260135,8.74322757965536e-07,0.000104095944265574,"pear1"
"165","ENSAMXG00000018743",817.131378315778,0.325649704406073,0.102448113202257,3.17867937463293,0.00147947644870909,0.0296218383616468,"mstnb"
"166","ENSAMXG00000018785",89.451063632217,1.38481980913924,0.355283217106052,3.89779123376344,9.70740449531592e-05,0.00440357813061024,"JAK1"
"168","ENSAMXG00000018984",5.64840623676161,3.3161317988823,0.937032927375079,3.53897040541769,0.000401690883689805,0.0120231819929554,"zte38"
"169","ENSAMXG00000018985",327.820445887292,0.512663254699706,0.147258640178692,3.48137979596722,0.000498837623989852,0.0141749266245507,"nop2"
"170","ENSAMXG00000019036",491.795922700404,0.323582478251478,0.109779783731258,2.947559807948,0.00320292788489055,0.0491511804523145,"rmdn1"
"171","ENSAMXG00000019037",1402.94427706633,0.594827158278015,0.160672630490356,3.70210630436973,0.000213816989929384,0.00756738779223051,"cul2"
"172","ENSAMXG00000019053",165.270809792925,0.720130448048891,0.218937893470724,3.2891996749991,0.0010047271761954,0.0230485880974226,"slc25a24l"
"173","ENSAMXG00000019099",822.013683714299,1.75620111542814,0.166977075063079,10.5176181506635,7.16622713809547e-26,1.48259919797454e-22,"piezo2a.2"
"174","ENSAMXG00000019189",1289.97397233097,0.365570147000873,0.104567365410172,3.49602522323195,0.000472244057812378,0.0136162259164472,"tnfaip2a"
"175","ENSAMXG00000019223",1075.51515636932,0.429340141407216,0.138394279337704,3.10229688294816,0.00192025273846692,0.0353216908513725,"arvcfa"
"176","ENSAMXG00000019240",648.900034539333,0.461658418464803,0.150656590768503,3.0643094743474,0.00218173091513821,0.0384346632292398,"ccdc82"
"177","ENSAMXG00000019249",376.879815733337,0.443456493224162,0.126682833124663,3.50052554309214,0.000464341736480925,0.0134129890570979,"bbs4"
"178","ENSAMXG00000019556",71.8918203725604,1.55922754826551,0.425961490863234,3.66048946139627,0.000251733908267373,0.00865590073197702,"RDH13"
"179","ENSAMXG00000019758",1653.48761153774,0.559679133792971,0.0975227035740562,5.7389624495794,9.52583362232924e-09,2.13841356487545e-06,"cand1"
"180","ENSAMXG00000020021",44.4144420418887,4.60500812320294,1.08330427721712,4.25089074238001,2.12922022437696e-05,0.00136010433357153,"abcb5"
"182","ENSAMXG00000020041",70.8801532313515,1.81603370873809,0.435590096411528,4.16913452279772,3.0575849078795e-05,0.00177329610071253,"fah"
"183","ENSAMXG00000020084",846.351777535821,0.814969695600012,0.256588542712356,3.17617336684289,0.00149231738352756,0.0297607925209756,"cry1b"
"184","ENSAMXG00000020367",1123.98993553345,0.349349667239572,0.104654078215938,3.33813715810234,0.000843421051781528,0.0202963528448621,"ctsd"
"185","ENSAMXG00000020459",1357.21514876335,0.275638321368053,0.0811164486223483,3.39805706548292,0.000678662621029639,0.0174256608282022,"ppp1r13bb"
"186","ENSAMXG00000020582",86.78905721318,0.872903193265081,0.289929708645637,3.01074076659034,0.00260611243688455,0.0428372916665312,"tmc8"
"187","ENSAMXG00000020595",3123.76295591331,0.532447574949913,0.133948810801853,3.97500785384014,7.03769336453502e-05,0.00343448178665538,"zcchc17"
"188","ENSAMXG00000020607",3877.58225554539,0.189591647987054,0.0626208257266409,3.02761335046393,0.00246493250630992,0.0411625392180171,"pum1"
"189","ENSAMXG00000020698",2272.92150956609,0.468225561552534,0.128026786205352,3.65724685771234,0.000254938830616342,0.00871188098714853,"rad21b"
"190","ENSAMXG00000021068",909.142004689484,0.334068120848276,0.107739150958309,3.10071239541835,0.0019305570287883,0.0353988018090774,"cdc14b"
"191","ENSAMXG00000021155",282.334558880507,0.467060429330715,0.154319435263941,3.02658202793366,0.00247335702264865,0.0412156227506903,"rdh12"
"192","ENSAMXG00000021207",1513.63326082991,0.404598835128254,0.135584110775268,2.98411689109264,0.00284398101399515,0.0454169894856908,"rock2a"
"193","ENSAMXG00000021269",1162.28261330906,0.426079570149669,0.123365706323798,3.45379265313279,0.000552762191996326,0.015190652907836,"plppr1"
"194","ENSAMXG00000021338",315.905681070428,0.428026170440412,0.12903381686508,3.31716274725069,0.000909366286498139,0.0213918889611254,"tbce"
"195","ENSAMXG00000021376",372.079313763847,0.350714714976772,0.11742957165163,2.98659622141186,0.0028210204632098,0.0451880892547184,"wdr48a"
"197","ENSAMXG00000024302",122.817188224952,0.69292379763424,0.224985245005056,3.07986329334027,0.00207095628210181,0.0371495513892098,"carf"
"198","ENSAMXG00000024864",182.570743848734,0.721382117461538,0.221423797337116,3.25792496622772,0.00112230076963287,0.0245967005495271,"chrm5a"
"200","ENSAMXG00000025030",234.656827483507,0.875845664358802,0.265562899418637,3.29807238238541,0.000973510355819499,0.0224636442457381,"junba"
"201","ENSAMXG00000025307",44.4613181386853,1.67715652892693,0.529969025169601,3.16463123177851,0.00155279619362605,0.0305389729494865,"s1pr5a"
"202","ENSAMXG00000025634",59.815853868403,1.74388652622742,0.293822449182274,5.93517115891165,2.93539108640018e-09,8.38667918758045e-07,"cyp1c1"
"205","ENSAMXG00000026280",153.267404754139,0.673808532964311,0.184859298988993,3.64498046162359,0.000267412116773275,0.00897887607473342,"zgc:101566"
"207","ENSAMXG00000027642",25.3592985555842,1.33318086401927,0.353224641943009,3.77431443255416,0.000160448287773203,0.00611962231569931,"si:ch211-57n23.1"
"208","ENSAMXG00000029086",389.97342529715,0.743922580362897,0.200136363437882,3.71707853377577,0.000201539809752412,0.00728285764882689,"ogal"
"209","ENSAMXG00000029101",132.005575531957,0.559854614721921,0.183976888042601,3.0430703588827,0.00234177573349464,0.040173213838575,"itpka"
"212","ENSAMXG00000029177",78.4754254540519,0.831146693270076,0.221605425551865,3.75057014601636,0.000176432937883717,0.00659133495509201,"apol1"
"213","ENSAMXG00000029377",52.232002422239,2.13102899471342,0.359768190629018,5.92333911174174,3.1546936174877e-09,8.82688244433487e-07,"krtt1c19e"
"217","ENSAMXG00000029630",1194.84548581984,0.506971012779075,0.125939700283553,4.02550594957452,5.68529428989786e-05,0.00291956583240049,"lysmd2"
"218","ENSAMXG00000029809",92.8401964350562,2.37170990052952,0.74111220227858,3.20020354979665,0.00137330563052468,0.0280991206745637,"si:dkey-51e6.1"
"220","ENSAMXG00000029825",36.0055429840353,1.55741561666385,0.405696843109096,3.83886550540657,0.000123604110280208,0.00508459421189315,"gdpd3a"
"222","ENSAMXG00000029979",749.583675536779,0.637926314491552,0.203171160808075,3.13984677724103,0.00169036220569423,0.0325918425770295,"gpd1b"
"223","ENSAMXG00000030080",92.4477748054201,1.30146212653098,0.289025996639269,4.50292410255165,6.70248249787423e-06,0.000534633553155308,"nme6"
"224","ENSAMXG00000030171",103469.418037467,0.634433795344606,0.197187450709704,3.21741466336319,0.0012935150039666,0.026957950626434,"epd"
"225","ENSAMXG00000030188",2079.52831685222,1.5871473841588,0.399142837351923,3.97638949176337,6.9969491026236e-05,0.00342523545790116,"l3mbtl1a"
"228","ENSAMXG00000030429",1041.95584376617,0.563849627092227,0.180616636022505,3.12180339258434,0.00179746933941249,0.0339080830726625,"cox4i2"
"229","ENSAMXG00000030475",10.8922964063996,2.55488148410956,0.702629138520728,3.6361735431133,0.000276717942989318,0.00920805744791885,"si:dkeyp-110c12.3"
"230","ENSAMXG00000030489",486.921024699366,0.424669089236011,0.107011655836834,3.96843769881969,7.23453651231255e-05,0.00351961321221299,"cox7a2l"
"231","ENSAMXG00000030551",1578.88897838138,0.503725767860551,0.122956250940343,4.09678860576966,4.18921124880765e-05,0.00230172257215956,"draxin"
"232","ENSAMXG00000030552",510.065657778536,0.514986251109289,0.144155095282619,3.57244570578409,0.000353662822733771,0.0110466013120272,"zgc:162396"
"233","ENSAMXG00000030660",1100.84074134111,0.573959713239944,0.174351801026188,3.29196320234015,0.000994906285334214,0.022856662818336,"ccl25b"
"234","ENSAMXG00000030909",1674.02274773417,0.294159748626587,0.070457002431338,4.17502502910556,2.97953293235521e-05,0.00175013537168585,"nxph1"
"235","ENSAMXG00000030937",598.997899124158,0.669413873134498,0.131325246399665,5.09737382176505,3.443978195273e-07,4.70597159656695e-05,"dhrs1"
"236","ENSAMXG00000031048",1382.55410764835,0.330409426461822,0.0882432614525502,3.74430206933691,0.000180895915390992,0.00665713914392049,"bcat1"
"237","ENSAMXG00000031339",300.112970359882,0.514482674575829,0.168746551502882,3.04884852456994,0.00229720277966274,0.0398435369532232,"si:ch211-59o9.10"
"239","ENSAMXG00000031381",363.4022747981,0.44157895853964,0.142810522598102,3.09206177882516,0.00198771476837371,0.0361515623497969,"ddt"
"240","ENSAMXG00000031435",217.459215251318,0.783242771003312,0.252492001476753,3.10204983295451,0.00192185603143207,0.0353216908513725,"cyp4t8"
"241","ENSAMXG00000031551",13.3385173473215,2.74120617680618,0.662958765879825,4.13480644330612,3.5525392368382e-05,0.00200088177661919,"cyp1a"
"242","ENSAMXG00000031566",1382.06662819719,0.537354497345233,0.100455913928897,5.34915741969731,8.83646567159975e-08,1.49307765122063e-05,"ephx4"
"243","ENSAMXG00000031771",231.409646814201,1.13312750467429,0.307453521069246,3.68552456557842,0.000228232065323865,0.00804134231950498,"arl5c"
"244","ENSAMXG00000031779",879.467210837854,0.460537075906948,0.152847447629691,3.01305048300648,0.00258635889430105,0.0425571137853892,"dek"
"247","ENSAMXG00000031978",734.948278943867,0.541250133911098,0.144295323267493,3.75098874762374,0.000176138605277272,0.00659133495509201,"bmi1b"
"248","ENSAMXG00000032061",408.075163460045,0.821283458215612,0.242011334866302,3.39357434919041,0.000689868289493114,0.0176269760993411,"gpx3"
"249","ENSAMXG00000032132",7.399800453666,5.755935433468,1.18613073618928,4.85269899670612,1.21792473661174e-06,0.000136703352222263,"casc1"
"250","ENSAMXG00000032326",454.282044554895,0.665979703169258,0.197520474654702,3.37169958878187,0.000747058866899636,0.0186337825943823,"selenbp1"
"251","ENSAMXG00000032346",33.7688629915124,1.1337909821071,0.333218130966688,3.40254889137603,0.000667604092864495,0.017197919205365,"igfbp1b"
"252","ENSAMXG00000032481",266.044881941402,0.597131365329273,0.196939465460205,3.03205537769642,0.00242894638407428,0.0409093927967237,"clec11a"
"254","ENSAMXG00000032582",2908.0918449515,0.576324230321305,0.186908629440999,3.08345437043201,0.0020461248544039,0.0367881075081268,"ETS2"
"256","ENSAMXG00000032639",612.703215131178,0.395956859262235,0.130617080107089,3.03143248139983,0.00243396348970291,0.0409500024381066,"isoc1"
"257","ENSAMXG00000032650",8222.87876091833,0.379280729392622,0.0748719702105606,5.06572390610239,4.06851241172498e-07,5.47501085462201e-05,"slc17a6a"
"258","ENSAMXG00000032653",903.029506892973,0.96762593864157,0.238231015140646,4.06171269542845,4.87140066139858e-05,0.00256876476487306,"rasd1"
"259","ENSAMXG00000032663",19.1404891768503,2.5803501959739,0.735602939364922,3.50780299790758,0.000451823501414094,0.0131969414520838,"si:dkey-13a21.4"
"260","ENSAMXG00000032699",678.985039392608,0.473220567601325,0.111399565566021,4.24795702924777,2.15728758759559e-05,0.0013717641497391,"pdap1b"
"261","ENSAMXG00000032785",415.29351889096,0.55605397340808,0.181779327997681,3.0589505392779,0.00222113817544296,0.038781072543234,"klf2a"
"262","ENSAMXG00000032878",390.602484618674,0.628158474017892,0.176069331488673,3.56767682768366,0.000360160322230844,0.0111408647707392,"gpx1b"
"264","ENSAMXG00000032923",686.47044939285,0.326057083242554,0.0877206131597129,3.71699503113255,0.000201606406849923,0.00728285764882689,"ostm1"
"265","ENSAMXG00000032944",908.163519859328,0.597086794425727,0.185118519947201,3.22542981975021,0.00125783670270254,0.0265667284224028,"camk1db"
"267","ENSAMXG00000033142",112.873243178648,0.705965591060016,0.228819233779753,3.08525458895441,0.00203377984534551,0.036692097003168,"slc25a43"
"268","ENSAMXG00000033224",1246.32802326587,0.335463392720278,0.108304405233656,3.09741226126998,0.00195218175283706,0.0356253132758119,"ssr1"
"270","ENSAMXG00000033434",205.154910051545,0.536697954786626,0.151614666670749,3.53988150732235,0.000400306720520722,0.0120046179508829,"myd88"
"271","ENSAMXG00000033465",249.447515372444,0.724150765829434,0.19815651029623,3.65443842721534,0.000257745507169464,0.00874776004246426,"stap2b"
"272","ENSAMXG00000033470",25.9316590769707,1.81924347819772,0.351148276074789,5.18084126322253,2.20887408787138e-07,3.27455164309536e-05,"RAB15"
"274","ENSAMXG00000033529",1598.83411461657,0.797459585228628,0.220271401985875,3.62035006832057,0.000294204694626399,0.00963152619033173,"btg2"
"276","ENSAMXG00000033832",972.286571648389,0.26482046775005,0.088571005100736,2.98992280203727,0.00279047961524427,0.0448818799119227,"cul1a"
"278","ENSAMXG00000033851",320.62517087608,1.49991408756424,0.212005454511667,7.07488442228591,1.4957337021473e-12,1.11923616169251e-09,"niban1b"
"279","ENSAMXG00000033874",283.920034007327,0.501138809517886,0.127085573617413,3.9433178389433,8.03620368304901e-05,0.0038266940810737,"emd"
"282","ENSAMXG00000033948",838.024192160255,0.362206864590142,0.0930993714222046,3.89054038772763,0.000100021226868831,0.00446515215629776,"pcmtl"
"283","ENSAMXG00000033951",1027.81373153581,0.422411561268723,0.0988644737485764,4.27263247607996,1.93178713600146e-05,0.00124922234794761,"cops7a"
"284","ENSAMXG00000033997",5702.30705441562,0.362931229745561,0.113335944857443,3.20226059086609,0.00136353588177772,0.0279720663789232,"SLC6A17"
"285","ENSAMXG00000034002",5.73981950115421,5.3571782659002,1.23065720369069,4.3531035692427,1.34223699884245e-05,0.000921044200865076,"si:dkey-56i24.1"
"286","ENSAMXG00000034204",93.2128079950688,1.06743838901368,0.188791772195211,5.65405142714561,1.56709288905438e-08,3.42018023036118e-06,"htr5ab"
"287","ENSAMXG00000034259",328.364419253497,0.695255798767767,0.152831353565361,4.54916993501877,5.38579379833322e-06,0.000440793561182334,"saraf"
"288","ENSAMXG00000034296",410.409547265394,0.412165670858464,0.115388777131049,3.57197364515235,0.000354301073008892,0.0110466013120272,"urod"
"290","ENSAMXG00000034364",2176.02412528091,0.296871670901085,0.0989322981419388,3.00075583481505,0.00269310416307217,0.0437184285315249,"ppp3cb"
"291","ENSAMXG00000034438",179.449784927354,0.565568479526524,0.162768499454236,3.47468018334555,0.000511462738962071,0.0144813071712612,"si:ch73-193c12.2"
"292","ENSAMXG00000034443",180.733505774248,1.24440091574231,0.341290259626545,3.64616592663381,0.000266182136906941,0.00895671541617915,"WDR31"
"293","ENSAMXG00000034460",168.350143715929,0.76167114095759,0.149008148441041,5.11160731091807,3.19429287650921e-07,4.44204586384652e-05,"gas2a"
"294","ENSAMXG00000034476",31.1168216174637,1.80979663901769,0.335462900371218,5.39492336414847,6.85528053958831e-08,1.22413498180785e-05,"fkbp11"
"295","ENSAMXG00000034538",6503.80510025073,0.251353540950819,0.0807406269719111,3.11309870108221,0.00185134091964488,0.0344894603736001,"marcksa"
"297","ENSAMXG00000034674",13.6484661911919,2.74403313678535,0.712375600154944,3.8519471135571,0.00011718233454301,0.00491579383549981,"tm4sf5"
"298","ENSAMXG00000034678",345.117197905123,0.501149666316916,0.148855830063144,3.36667812140332,0.000760794318913823,0.0188864485425147,"sept9a"
"299","ENSAMXG00000034822",1302.67667981724,1.03041253387277,0.220597350586027,4.67101046832809,2.99721662328834e-06,0.000286351397481069,"junbb"
"300","ENSAMXG00000034846",62.5535298450412,1.15677032124821,0.346190794107553,3.34142426932597,0.000833497508714536,0.0201501228491388,"mych"
"302","ENSAMXG00000034859",245.635467972935,0.736320054104671,0.244649344668068,3.00969559147476,0.00261509640794928,0.0428504952601825,"MSANTD2"
"303","ENSAMXG00000034915",724.380697550336,0.376176916077001,0.0953370219600563,3.94575903823186,7.9547580750377e-05,0.00379942457115934,"zgc:55733"
"304","ENSAMXG00000035244",165.525906786059,0.982919515898931,0.306479525794208,3.20712945946978,0.0013406664863815,0.027611052643511,"asb13a.2"
"305","ENSAMXG00000035245",93.6461815371058,1.30392555255963,0.414979319280119,3.14214586601954,0.00167714459883329,0.032416543943501,"gprc6a"
"306","ENSAMXG00000035255",6.75214036312331,4.00657539232388,1.29182612863075,3.10148192819926,0.00192554625371126,0.035348170363106,"dhrs1"
"307","ENSAMXG00000035331",392.886974449824,1.06551605987878,0.291408254753694,3.65643746358313,0.000255744765499629,0.00871188098714853,"nr1d4b"
"310","ENSAMXG00000035405",730.838433505543,0.485554305650294,0.134593872494503,3.60755134428667,0.000309100384027291,0.00993293135911012,"ttc9c"
"311","ENSAMXG00000035422",1161.64231386095,0.564535259383048,0.114036886953799,4.95046185899271,7.4037566609616e-07,9.16083717876776e-05,"phf5a"
"312","ENSAMXG00000035436",153.26561591411,0.937399035069994,0.314588802162326,2.97975970100265,0.0028847458376142,0.0458814737776008,"mt2"
"313","ENSAMXG00000035457",305.943158181202,0.425549472966869,0.126517657973615,3.36355793952189,0.000769446831318875,0.0189533352323229,"copz1"
"314","ENSAMXG00000035484",152.235720393651,0.840621867124021,0.250181095408477,3.36005350744634,0.000779273783283949,0.019103756989897,"thap7"
"315","ENSAMXG00000035578",1006.77868956486,0.627273380743792,0.131026848161341,4.78736525793092,1.68985117466635e-06,0.000180641641895966,"rasgef1bb"
"316","ENSAMXG00000035630",494.76134319651,0.472819798615133,0.159548341602847,2.96348927143405,0.00304172664888831,0.0476072635066045,"cnga3a"
"317","ENSAMXG00000035662",636.916456855564,0.69059056256151,0.139245205217675,4.95952849135413,7.06644838626971e-07,8.89612433444395e-05,"mrnip"
"319","ENSAMXG00000035789",105.317209566421,0.836590848055901,0.189150574396287,4.42288293718405,9.73925173095611e-06,0.000724796776219186,"zgc:103759"
"320","ENSAMXG00000035803",706.158018540474,0.448872399450783,0.152555065685928,2.94236312267005,0.0032571774252465,0.0498696904185855,"cnn3a"
"322","ENSAMXG00000035885",290.699224886425,0.367642229430581,0.109654713424727,3.35272618885599,0.000800198270703207,0.0194720922486096,"hrasa"
"323","ENSAMXG00000035948",12.8947799046396,2.10590060405648,0.646797918720385,3.25588648804368,0.00113038933736239,0.0246292012357497,"si:ch211-147m6.1"
"324","ENSAMXG00000035954",230.300902577648,0.541085867867874,0.139986250049111,3.86527868042787,0.000110962429101743,0.00477716057782134,"babam2"
"327","ENSAMXG00000036084",269.985817715083,0.479366774496211,0.150801737691148,3.17878813490854,0.00147892146656364,0.0296218383616468,"flcn"
"329","ENSAMXG00000036123",863.066614945563,0.535930167551309,0.160585585457463,3.33734915263157,0.000845816209918272,0.0203228683832656,"fam163ba"
"330","ENSAMXG00000036140",524.94231990898,0.708141213180808,0.182870705274435,3.87236004869176,0.000107786568601611,0.00467888988675612,"gpr186"
"332","ENSAMXG00000036381",34.5242838343486,1.68886093103908,0.406258440576008,4.15710976649385,3.2229915696119e-05,0.00184839742791538,"pane1"
"334","ENSAMXG00000036490",163.714846054966,0.50314932264159,0.148892087807382,3.37928851728173,0.000726736964793639,0.0183011933730244,"ada2a"
"335","ENSAMXG00000036515",751.37940255051,0.764994822939887,0.165693257540482,4.61693393138212,3.89451189854014e-06,0.000346880436757725,"egr3"
"336","ENSAMXG00000036535",5.53020807351225,3.64575013953159,1.18525841746136,3.07591162047195,0.00209860039640683,0.0375169586224538,"gphb5"
"337","ENSAMXG00000036550",3895.54204122311,0.45525489691615,0.0770187414196232,5.91096255956422,3.4011434074427e-09,9.21475301802664e-07,"fkbp1ab"
"338","ENSAMXG00000036582",889.82551253396,0.353120382441582,0.103844466591163,3.4004737472611,0.000672691950267169,0.0173006240695553,"khsrp"
"339","ENSAMXG00000036702",1537.63583166497,0.451133342070685,0.11832916570965,3.81252871483648,0.0001375522427873,0.00549998967725097,"si:ch211-168f7.5"
"341","ENSAMXG00000036843",610.526217834629,0.486029289493187,0.0942458418834105,5.15703695548122,2.50888301058488e-07,3.68454089984401e-05,"cacng4b"
"342","ENSAMXG00000036846",172.858780185213,0.490797220878905,0.150129375160463,3.2691618169617,0.00107866594393682,0.0241799666804896,"vamp3"
"343","ENSAMXG00000036850",1145.91841171367,0.384424184802253,0.0992582354828415,3.8729701664776,0.0001075169930595,0.00467888988675612,"anxa13l"
"345","ENSAMXG00000036903",326.017613412289,0.689274359759349,0.118865488145142,5.79877616720593,6.68006229474698e-09,1.61493075230237e-06,"mrpl11"
"346","ENSAMXG00000037023",186.025854838054,0.765497229485105,0.180237256347878,4.24716423782888,2.16493260236284e-05,0.0013717641497391,"hsd17b14"
"350","ENSAMXG00000037250",783.954979238473,0.34862628619029,0.101920401921884,3.42057409131383,0.000624891114540842,0.01642063373561,"ddit3"
"351","ENSAMXG00000037284",7.10160083980269,3.33164061341859,0.816489831864672,4.080443483062,4.49498578725552e-05,0.00243566229865287,"SNORD31"
"352","ENSAMXG00000037312",163.289240402205,0.613958830390726,0.200792772607207,3.05767395120222,0.00223062134452703,0.038903422650275,"cybrd1"
"353","ENSAMXG00000037361",154.381670300992,0.899191545787698,0.208799430386844,4.3064846686687,1.65869419861399e-05,0.00110443731512798,"scgn"
"354","ENSAMXG00000037374",209.253869205103,0.65606040650879,0.202900314054962,3.23341247432015,0.00122320811766283,0.0259749896769645,"arhgap4a"
"356","ENSAMXG00000037459",84.1336392856651,1.65276756236707,0.547987601610868,3.01606743931539,0.00256076298343762,0.0422243751539756,"si:dkey-79d12.5"
"357","ENSAMXG00000037536",619.274621762678,0.565469701178202,0.094974912397567,5.95388494607012,2.61850919452455e-09,7.61986175606645e-07,"npc2"
"358","ENSAMXG00000037609",187.953197576595,0.842402967389635,0.283492496233689,2.97151768946725,0.00296331802351918,0.0467056965111138,"lcat"
"359","ENSAMXG00000037633",332.332229911941,0.835969205325671,0.283196101469448,2.95190929884979,0.00315815683006209,0.0487966391718536,"slc16a9a"
"360","ENSAMXG00000037720",790.827409141266,0.270247735400054,0.0898764414493358,3.00688068021023,0.0026394334260209,0.0430696332881541,"arl3b"
"361","ENSAMXG00000037791",262.356872600214,0.535100799587908,0.165529725133991,3.23265684851927,0.00122644787552311,0.0259817535765667,"yrdc"
"362","ENSAMXG00000037854",215.359110386255,0.447212140034845,0.124302495984163,3.59777280813271,0.000320953780281037,0.0101888236431035,"commd6"
"363","ENSAMXG00000037869",761.860797721415,0.541883361645033,0.173690817131523,3.11981583479283,0.00180964143015477,0.0340151978869044,"zgc:85777"
"364","ENSAMXG00000037977",1039.54111881256,0.399386989067926,0.104326843381653,3.82822844171438,0.000129068933495659,0.00525437622007977,"pomp"
"365","ENSAMXG00000038023",152.994723130368,0.427336043461774,0.140739624875194,3.03635911947846,0.00239453978869386,0.0405035503116635,"ppcdc"
"366","ENSAMXG00000038148",2484.93320590007,0.51991944924156,0.160559329053425,3.23817651896491,0.00120296354192966,0.0257188695209288,"bpnt1"
"367","ENSAMXG00000038172",1902.36058692502,0.337451990734677,0.0884433721823321,3.81545821250457,0.000135930458972249,0.0054629443281072,"tlcd4a"
"368","ENSAMXG00000038241",167.312163249779,0.588398000386943,0.152726559277157,3.85262395206036,0.000116858787353773,0.00491579383549981,"lin52"
"369","ENSAMXG00000038268",4578.62099327292,0.253654394336765,0.0798655843595776,3.17601625745002,0.0014931258321582,0.0297607925209756,"tuba1a"
"370","ENSAMXG00000038307",2359.96007769827,0.263977366104165,0.0836001273794311,3.1576191852683,0.00159063199034288,0.0310499268276373,"lamp1b"
"371","ENSAMXG00000038313",866.014095338125,0.244059266417123,0.0810885892628831,3.00978557693118,0.00261432181102295,0.0428504952601825,"kcnab1b"
"372","ENSAMXG00000038401",513.954991846241,0.395131971914453,0.117405487641852,3.36553239419107,0.000763960960986437,0.0189053268361274,"gatd1"
"374","ENSAMXG00000038549",394.555211628221,0.602676813161844,0.113850727971988,5.29357013255222,1.19951209396377e-07,1.92338092291292e-05,"naga"
"379","ENSAMXG00000038755",513.767948549296,0.360323923441861,0.100982666975825,3.56817594774083,0.000359475087565745,0.0111408647707392,"nt5c1ab"
"380","ENSAMXG00000038847",22.4971704165417,1.14974243632838,0.389683125417723,2.95045477038788,0.00317306498943746,0.0488359875063862,"zmp:0000001268"
"381","ENSAMXG00000038893",981.137016279402,0.453848571721227,0.14188645935284,3.19867430473126,0.00138061044971951,0.0282118499439432,"tbca"
"384","ENSAMXG00000039001",426.003028400352,0.449788055059789,0.11040398409262,4.07402014299096,4.62084822992479e-05,0.00248671263989856,"ubl3a"
"385","ENSAMXG00000039002",661.25699117276,0.46179465487699,0.0938449219913455,4.92082730826477,8.6179146836921e-07,0.000104095944265574,"cnpy3"
"386","ENSAMXG00000039035",41.6197756069368,2.03518003191496,0.32986929579011,6.16965585426874,6.84387873347958e-10,2.3499467594493e-07,"dhrs9"
"387","ENSAMXG00000039045",378.598613454449,1.08619315196848,0.234985587242065,4.62238201379375,3.79358583892877e-06,0.000346583766703062,"AMZ2"
"388","ENSAMXG00000039071",172.013093370438,0.618263788846494,0.15357945797378,4.02569326004555,5.68077018258166e-05,0.00291956583240049,"chia.4"
"389","ENSAMXG00000039089",1133.91139075028,0.290251771109605,0.0837047147210966,3.46756777174047,0.00052519129096281,0.0146847970572769,"kcnf1b"
"390","ENSAMXG00000039132",176.43629576972,0.831398878987494,0.280049029336139,2.96876186630013,0.00299002213227575,0.0468914249367078,"FOXC1"
"391","ENSAMXG00000039137",1411.30243467819,0.511722789052068,0.138937701737896,3.68310964303575,0.00023040599824331,0.00809590351553639,"rap2c"
"392","ENSAMXG00000039165",123.247874864104,0.869594912179842,0.194697886596343,4.46638084974558,7.95539358811347e-06,0.000612799288449094,"si:ch211-147k10.5"
"393","ENSAMXG00000039244",391.326809203985,0.516570400813182,0.148938763765455,3.46834086542214,0.00052368258006275,0.0146687131249662,"pknox2"
"394","ENSAMXG00000039303",299.116906638301,0.711874856119931,0.199706653893247,3.56460259206217,0.000364407898868068,0.0112280504368879,"syne2b"
"395","ENSAMXG00000039367",137.137435472853,1.1845492045856,0.311248041652511,3.80580452264524,0.000141343986558284,0.0055946584503196,"egr2b"
"396","ENSAMXG00000039463",121.329794449465,0.720607654492643,0.195776323479579,3.68077018551127,0.000232530516553243,0.00811996563803924,"slc31a2"
"397","ENSAMXG00000039477",4.74675015979162,3.65375531096692,1.16513648403483,3.13590327058859,0.00171325701384072,0.0328440424283769,"tmem196b"
"398","ENSAMXG00000039521",13681.8750253884,0.339101732775851,0.112652575821724,3.01015516336253,0.00261114260176131,0.0428504952601825,"fabp7a"
"399","ENSAMXG00000039540",1714.32379231348,0.347092310621076,0.0994099114579574,3.49152620227279,0.000480269355959541,0.0137969884086805,"limch1a"
"401","ENSAMXG00000039564",386.547793359434,0.435405474187716,0.144789333694687,3.00716539732024,0.00263696245552306,0.0430696332881541,"sec61b"
"402","ENSAMXG00000039605",108.972956248602,0.95834124253431,0.2177566421029,4.40097364323541,1.07766215757241e-05,0.000787645727632224,"b2m"
"403","ENSAMXG00000039620",79.7500677527887,1.66533166481242,0.423008133362955,3.93687859278939,8.25483431776536e-05,0.00390712248401702,"zgc:64022"
"404","ENSAMXG00000039622",258.913874985806,0.539070717522252,0.116217917426437,4.63844757727199,3.51035946227687e-06,0.000326401115918454,"zbtb41"
"407","ENSAMXG00000039707",765.906590202698,0.490131395066145,0.13801836288216,3.55120423711024,0.000383472718065734,0.0116554937943616,"kitlga"
"410","ENSAMXG00000040084",186.308623478746,0.587500762459318,0.152658201497149,3.84847166216806,0.000118857042984363,0.00495416332481772,"fuca1.2"
"411","ENSAMXG00000040098",24.1648427980139,1.5607776141765,0.411652481690874,3.791493270648,0.000149744206511212,0.005838909332797,"si:ch211-170d8.2"
"412","ENSAMXG00000040116",572.780677685541,0.547714880228601,0.128227309650039,4.27143704194869,1.94217360662381e-05,0.00125079164157732,"npdc1a"
"413","ENSAMXG00000040150",53.0309865831599,1.51296625034985,0.33542948962358,4.51053439591045,6.46645147193438e-06,0.000518437849132535,"cnbd1"
"414","ENSAMXG00000040159",268.226426280232,0.548155782943428,0.176371154062759,3.10796731957867,0.00188378897656087,0.0348257176207972,"si:ch211-156l18.8"
"415","ENSAMXG00000040187",331.911608994264,0.423580640440482,0.12366861165383,3.42512651169851,0.000614513198086226,0.0163115885046063,"tmsb1"
"416","ENSAMXG00000040192",983.49040423116,0.530369834044806,0.127337608492521,4.16506828048333,3.11259395415141e-05,0.00179820961012997,"pvrl2l"
"418","ENSAMXG00000040271",633.826546290022,0.648573237316173,0.184929306137421,3.50714146320442,0.000452948284914302,0.0132052492562956,"lxn"
"419","ENSAMXG00000040283",1100.96940075665,0.395487369260924,0.101029177736009,3.91458564865628,9.0559588352544e-05,0.00416097477009321,"jakmip3"
"420","ENSAMXG00000040367",1054.62098597317,0.441840481433402,0.0932508369630239,4.73819319829378,2.15632183920256e-06,0.000221466937132216,"creb3l3l"
"421","ENSAMXG00000040479",273.75323233749,5.22590374809581,0.311122982543815,16.7969068224005,2.5710691810247e-63,2.02008905553111e-59,"ahsg2"
"422","ENSAMXG00000040572",63.9556779192419,0.776689400520937,0.255385806186687,3.04123949611036,0.0023560634344461,0.0401988933864127,"rbm24a"
"423","ENSAMXG00000040579",234.032727560884,0.628949019631732,0.154339913228663,4.07508988747396,4.59965767861921e-05,0.00248381514645437,"pex2"
"424","ENSAMXG00000040703",696.694833487715,0.348329302901627,0.113085487467963,3.08022992782612,0.00206840848135802,0.0371462524297828,"otub1b"
"425","ENSAMXG00000040783",542.476903920731,0.811508603490808,0.150035817556265,5.40876583144209,6.34605397089559e-08,1.17319873057239e-05,"pde4bb"
"426","ENSAMXG00000040864",492.154663754625,0.478485087300928,0.120130592581079,3.98304109736234,6.80389840773797e-05,0.00337275897726165,"mpdu1b"
"428","ENSAMXG00000041070",171.025471814141,0.630641942468713,0.192281318517614,3.27978790311314,0.00103885153831592,0.0235562959207739,"ap5s1"
"429","ENSAMXG00000041127",527.807890194601,0.767154928144216,0.192360504058678,3.98811040706257,6.66016680847931e-05,0.00332247178502996,"cd40"
"430","ENSAMXG00000041214",209.284267532878,0.560365096105117,0.172145424842685,3.25518436878125,0.00113318776208776,0.0246292012357497,"lsm3"
"431","ENSAMXG00000041319",212.382798275796,0.428373735184359,0.127963130338778,3.34763407280092,0.000815045525553485,0.0197954024552511,"pigf"
"433","ENSAMXG00000041366",3921.57020925948,0.258858897236293,0.0842788009588022,3.07145918417646,0.00213015285006166,0.0377914429517601,"ncalda"
"434","ENSAMXG00000041390",955.233314010513,0.247859575210877,0.080785596166288,3.06811593864687,0.00215413025830666,0.0380764936772001,"stx12"
"435","ENSAMXG00000041393",769.470116099242,0.525789905234383,0.159194118608753,3.30282242729458,0.000957169789237074,0.0222170842955264,"tox2"
"436","ENSAMXG00000041508",649.765925408114,0.335774185993,0.108653228787694,3.0903286514301,0.00199935129022249,0.036279221910573,"ufd1l"
"437","ENSAMXG00000041585",16.1831225941415,3.08568915473793,0.816105479399884,3.78099306110156,0.000156204028402892,0.0060161522115761,"cacng6b"
"438","ENSAMXG00000041586",162.957277552504,0.744284428682564,0.208310425311355,3.57295813481301,0.000352971209581582,0.0110466013120272,"AP3B1"
"439","ENSAMXG00000041628",136.697784751434,0.844999437045798,0.241213790774738,3.50311412267019,0.000459852398267408,0.0133077727189209,"zgc:153031"
"440","ENSAMXG00000041641",101.27899532216,1.29499766355189,0.40616975943406,3.1883162974917,0.00143103906581788,0.0290159327487253,"nln"
"442","ENSAMXG00000041773",1045.95295903068,0.408076549277026,0.126081708839674,3.2366038899103,0.00120961187403072,0.0258258709083134,"setd7"
"444","ENSAMXG00000041897",1551.42608775154,0.350280215989746,0.0922761995167587,3.79599742755043,0.000147051022646162,0.00576249319167527,"nptx1l"
"446","ENSAMXG00000042049",1544.23475438871,0.501218972473289,0.160831032198688,3.11643198219416,0.00183053903634537,0.0342441552584894,"phyhipla"
"447","ENSAMXG00000042054",1482.54349984997,0.366291334422078,0.114872146008618,3.18868713739011,0.00142920468402412,0.0290159327487253,"grin2ab"
"448","ENSAMXG00000042057",972.882229578692,0.371115392269658,0.115304611177571,3.21856505546109,0.00128833742320086,0.0268857028793868,"arhgdig"
"449","ENSAMXG00000042068",4848.75044058124,0.407464341790707,0.0987674923034121,4.12549040466658,3.69945607181503e-05,0.00207288442340326,"PPP3CA"
"453","ENSAMXG00000042125",837.41138162084,0.426573535530746,0.130890974681511,3.25899884670201,0.00111806122404772,0.0245693485115947,"dtnbp1b"
"454","ENSAMXG00000042149",14.2467522029304,1.88554449535561,0.518202750582565,3.63862309344339,0.00027409960911352,0.00914480097157083,"ccl34b.4"
"455","ENSAMXG00000042250",948.880010349679,0.449004129570427,0.114752924534047,3.91279029613931,9.12357591793086e-05,0.00417982134036051,"vopp1"
"456","ENSAMXG00000042286",1319.11681457985,0.371851689152535,0.105183770320659,3.53525727418711,0.000407378316095147,0.0121471401501312,"phf24"
"458","ENSAMXG00000042422",229.139022948891,0.671302336802307,0.199439950509144,3.36593714092167,0.000762840897945774,0.0189053268361274,"rps27l"
"459","ENSAMXG00000042440",3419.87898832265,0.521659894920829,0.111315752439754,4.68630794373116,2.78177613669455e-06,0.000276663482354545,"clmn"
"461","ENSAMXG00000042510",2857.84314923365,0.528367228954592,0.134524315211132,3.92767083129422,8.57724939230097e-05,0.00402337005822739,"fabp3"
"464","ENSAMXG00000042749",114.16591823847,1.08774215898214,0.226096435294577,4.81096554027902,1.50202914728182e-06,0.000162778524278528,"si:ch73-62b13.1"
"465","ENSAMXG00000042814",261.419993837658,0.557584277702584,0.175573395365001,3.17579025309283,0.00149428950611237,0.0297607925209756,"rasl11b"
"466","ENSAMXG00000042822",664.28099550529,0.584268965668601,0.148002974450566,3.94768394241801,7.89108846974656e-05,0.00379206618390206,"katnal1"
"467","ENSAMXG00000042846",532.818452324353,0.416353339559015,0.116929535234108,3.56072004156538,0.000369839238013739,0.011373099385808,"TMEM158"
"468","ENSAMXG00000042873",2734.04032719242,0.276142507530901,0.0831655267774573,3.32039630158096,0.000898897464908607,0.0212708233449858,"ric8a"
"470","ENSAMXG00000042941",2244.54413015757,0.721126027819177,0.204125692848428,3.53275483236029,0.000411253660423491,0.0122369618546024,"rtn4rl2a"
"471","ENSAMXG00000043032",1644.82501105045,0.418072106975885,0.111507551690419,3.74927169180962,0.000177348868997978,0.00659133495509201,"ctxn3"
"474","ENSAMXG00000043151",936.662094811765,0.404103627118348,0.118995867270829,3.39594673652512,0.000683916668697408,0.0175319193016494,"fundc2"
"475","ENSAMXG00000043328",473.175138483106,0.404586651032659,0.135173788698715,2.99308508644697,0.00276172742360853,0.0446317189212978,"efna2b"
"476","ENSAMXG00000043419",28.113375952189,1.05701285454819,0.342351494112566,3.08750764265874,0.00201842581455783,0.0364988990218202,"mgst3a"
"478","ENSAMXG00000043478",516.566742861397,0.439999481298815,0.113743818492515,3.86833752488948,0.000109579914339902,0.00473060102730007,"kcnab2b"
"481","ENSAMXG00000043608",9.03573721126217,3.89095826196005,0.927792832956615,4.19377917542288,2.74345064353944e-05,0.00166450129006095,"acer1"
"482","ENSAMXG00000043623",7284.72050612082,0.341289296978618,0.104228652182581,3.27442876629325,0.00105875829057448,0.0238357131491223,"NPTX1"
"483","ENSAMXG00000043666",305.559795671101,0.710008079850331,0.173881630830191,4.0832839930269,4.4403703164483e-05,0.00241439374230687,"rpl19"
"484","ENSAMXG00000043672",149.532323975721,0.486468219430754,0.160389416710464,3.03304438290295,0.00242099990307402,0.0408193052327309,"SERPINB8"
"486","ENSAMXG00000043696",1372.49585636435,0.44446730470047,0.130551838911085,3.40452733877753,0.000662786655119244,0.0171299827278681,"psme3ip1"
"487","ENSAMXG00000043707",2442.36719119488,0.849675742368826,0.157618355587758,5.39071568917457,7.01776284664398e-08,1.23906882440633e-05,"si:ch73-362m14.4"
"488","ENSAMXG00000043729",102.406335308824,0.521690332929556,0.176235579053485,2.96018735678356,0.00307452003509669,0.0478346612193163,"rhoj"
"489","ENSAMXG00000043792",556.356901319652,0.375334386341868,0.109212362969491,3.43673899306363,0.000588762669100726,0.0158150710807672,"mcfd2"
"490","ENSAMXG00000043855",4873.3346792789,0.341587972519776,0.0818440791309597,4.17364305575724,2.99767286099419e-05,0.00175113127649304,"nacad"
"492","ENSAMXG00000043945",987.374429326896,0.305019732959511,0.102982000642545,2.96187422128502,0.00305772665676813,0.0477151109080978,"dbnlb"
